Disease Category,Disease,January,February,March,April,May,June,July,August,September,October,November,December,Yearly Cases,Yearly Rate,Year
Diseases Transmitted by Direct Contact and Respiratory Routes,"Group A Streptococcal disease, invasive (iGAS)",14,11,8,9,6,12,9,11,6,9,11,13,119,4.0,2021
Diseases Transmitted by Direct Contact and Respiratory Routes,"Group A Streptococcal disease, invasive (iGAS)",13,7,10,5,6,6,10,9,9,10,16,18,119,4.0,2022
Diseases Transmitted by Direct Contact and Respiratory Routes,"Group A Streptococcal disease, invasive (iGAS)",23,20,33,20,27,27,23,18,12,29,19,40,291,9.8,2023
Diseases Transmitted by Direct Contact and Respiratory Routes,"Group A Streptococcal disease, invasive (iGAS)",32,40,37,33,34,16,14,14,16,16,15,25,292,9.8,2024
Diseases Transmitted by Direct Contact and Respiratory Routes,"Group A Streptococcal disease, invasive (iGAS)",24,32,20,22,25,20,14,12,16,19,33,24,263,8.0,2025
Diseases Transmitted by Direct Contact and Respiratory Routes,"Group B Streptococcal disease, neonatal (GBS)",1,2,0,0,2,2,0,0,0,0,1,1,9,0.3,2021
Diseases Transmitted by Direct Contact and Respiratory Routes,"Group B Streptococcal disease, neonatal (GBS)",0,0,0,0,0,0,0,1,1,0,1,1,4,0.1,2022
Diseases Transmitted by Direct Contact and Respiratory Routes,"Group B Streptococcal disease, neonatal (GBS)",1,0,2,0,0,1,2,1,0,1,0,1,9,0.3,2023
Diseases Transmitted by Direct Contact and Respiratory Routes,"Group B Streptococcal disease, neonatal (GBS)",0,1,0,1,1,0,0,0,0,0,0,0,3,0.1,2024
Diseases Transmitted by Direct Contact and Respiratory Routes,"Group B Streptococcal disease, neonatal (GBS)",0,1,0,1,0,1,0,0,1,0,1,0,5,19.1,2025
Diseases Transmitted by Direct Contact and Respiratory Routes,Legionellosis,2,2,2,4,2,8,14,12,9,14,8,0,77,2.6,2021
Diseases Transmitted by Direct Contact and Respiratory Routes,Legionellosis,1,1,1,2,6,5,3,6,12,4,8,2,51,1.7,2022
Diseases Transmitted by Direct Contact and Respiratory Routes,Legionellosis,1,2,2,3,2,4,8,12,5,6,2,3,50,1.7,2023
Diseases Transmitted by Direct Contact and Respiratory Routes,Legionellosis,2,2,1,2,6,6,11,12,9,3,6,4,64,2.2,2024
Diseases Transmitted by Direct Contact and Respiratory Routes,Legionellosis,2,0,3,0,2,2,10,5,22,7,2,4,59,1.8,2025
Diseases Transmitted by Direct Contact and Respiratory Routes,Leprosy,0,0,0,0,0,0,0,0,0,0,0,0,0,0.0,2021
Diseases Transmitted by Direct Contact and Respiratory Routes,Leprosy,0,0,0,0,0,0,0,0,0,0,0,0,0,0.0,2022
Diseases Transmitted by Direct Contact and Respiratory Routes,Leprosy,0,0,0,0,0,0,0,0,0,0,0,0,0,0.0,2023
Diseases Transmitted by Direct Contact and Respiratory Routes,Leprosy,0,0,0,0,0,0,0,0,0,0,0,0,0,0.0,2024
Diseases Transmitted by Direct Contact and Respiratory Routes,Leprosy,0,0,0,0,0,0,0,0,0,0,0,0,1,<0.1,2025
Diseases Transmitted by Direct Contact and Respiratory Routes,Mpox,,,,,,130,238,107,16,3,0,3,,16.758196089776725,2022
Diseases Transmitted by Direct Contact and Respiratory Routes,Mpox,4,4,4,3,2,3,2,1,1,1,1,1,27,0.9,2023
Diseases Transmitted by Direct Contact and Respiratory Routes,Mpox,5,15,5,7,11,22,50,44,33,23,15,7,237,8.0,2024
Diseases Transmitted by Direct Contact and Respiratory Routes,Mpox,8,1,10,12,21,32,19,8,11,5,19,15,163,5.0,2025
Diseases Transmitted by Direct Contact and Respiratory Routes,SARS,0,0,0,0,0,0,0,0,0,0,0,0,0,0.0,2025
Diseases Transmitted by Direct Contact and Respiratory Routes,TB: Atypical mycobacterial infections,3,4,3,1,2,5,3,2,3,3,3,4,36,1.2,2021
Diseases Transmitted by Direct Contact and Respiratory Routes,TB: Atypical mycobacterial infections,8,4,2,2,0,1,1,4,1,4,3,4,34,1.1,2022
Diseases Transmitted by Direct Contact and Respiratory Routes,TB: Atypical mycobacterial infections,9,2,1,4,10,4,2,1,1,1,3,2,40,1.3,2023
Diseases Transmitted by Direct Contact and Respiratory Routes,TB: Atypical mycobacterial infections,12,2,1,3,3,3,7,2,3,1,0,1,38,1.3,2024
Diseases Transmitted by Direct Contact and Respiratory Routes,Tuberculosis,18,27,20,22,27,28,24,31,13,25,26,23,284,9.6,2021
Diseases Transmitted by Direct Contact and Respiratory Routes,Tuberculosis,19,25,23,25,18,27,24,31,32,20,24,31,299,10.1,2022
Diseases Transmitted by Direct Contact and Respiratory Routes,Tuberculosis,30,18,33,25,23,36,31,38,30,29,21,27,341,11.5,2023
Diseases Transmitted by Direct Contact and Respiratory Routes,Tuberculosis,25,27,27,31,45,39,36,30,37,37,25,17,376,12.7,2024
Diseases Transmitted by Direct Contact and Respiratory Routes,Tuberculosis,21,13,32,19,29,25,34,37,29,27,21,31,313,9.6,2025
Diseases Transmitted by Direct Contact and Respiratory Routes,"Tuberculosis infection, latent (LTBI)",72,79,73,75,70,89,79,76,55,59,46,59,944,28.9,2025
Enteric Food and Waterborne Diseases,Amebiasis,6,4,4,8,2,12,11,16,12,10,8,8,101,3.4,2021
Enteric Food and Waterborne Diseases,Amebiasis,6,10,8,11,20,18,19,10,9,11,13,13,148,5.0,2022
Enteric Food and Waterborne Diseases,Amebiasis,16,9,11,15,14,7,9,9,19,10,7,15,141,4.8,2023
Enteric Food and Waterborne Diseases,Amebiasis,12,13,8,6,8,12,6,4,7,4,8,8,96,3.2,2024
Enteric Food and Waterborne Diseases,Amebiasis,7,4,9,6,3,6,14,8,12,8,8,8,93,2.8,2025
Enteric Food and Waterborne Diseases,Botulism,0,0,0,0,0,0,0,0,0,0,0,0,0,0.0,2021
Enteric Food and Waterborne Diseases,Botulism,0,0,0,0,0,0,0,0,0,1,0,0,1,<0.1,2022
Enteric Food and Waterborne Diseases,Botulism,0,0,0,0,0,0,0,0,0,0,0,0,0,0.0,2023
Enteric Food and Waterborne Diseases,Botulism,0,0,0,0,0,0,0,0,0,0,0,0,0,0.0,2024
Enteric Food and Waterborne Diseases,Botulism,0,0,0,0,0,0,0,0,0,0,0,0,0,0.0,2025
Enteric Food and Waterborne Diseases,Campylobacter enteritis,25,25,8,7,19,27,51,44,42,55,26,24,353,11.9,2021
Enteric Food and Waterborne Diseases,Campylobacter enteritis,14,16,34,23,28,44,44,47,43,40,30,27,390,13.2,2022
Enteric Food and Waterborne Diseases,Campylobacter enteritis,21,41,20,36,33,43,73,89,59,43,28,23,509,17.2,2023
Enteric Food and Waterborne Diseases,Campylobacter enteritis,32,30,27,20,48,36,59,68,57,57,41,32,507,17.1,2024
Enteric Food and Waterborne Diseases,Campylobacter enteritis,23,31,35,33,57,56,62,70,67,49,50,29,565,17.3,2025
Enteric Food and Waterborne Diseases,Cholera,0,0,0,0,0,0,0,0,0,0,0,0,0,0.0,2021
Enteric Food and Waterborne Diseases,Cholera,0,1,0,0,0,1,0,0,0,0,0,0,2,<0.1,2022
Enteric Food and Waterborne Diseases,Cholera,0,0,0,0,0,0,0,0,0,0,0,0,0,0.0,2023
Enteric Food and Waterborne Diseases,Cholera,0,0,0,0,0,0,0,0,0,0,0,0,0,0.0,2024
Enteric Food and Waterborne Diseases,Cholera,0,0,0,0,0,0,1,0,0,0,0,0,1,<0.1,2025
Enteric Food and Waterborne Diseases,Cryptosporidiosis,1,0,0,0,1,4,7,26,7,4,4,8,62,2.1,2021
Enteric Food and Waterborne Diseases,Cryptosporidiosis,3,4,6,2,6,2,12,18,5,5,5,1,69,2.3,2022
Enteric Food and Waterborne Diseases,Cryptosporidiosis,4,4,3,1,6,8,15,15,12,4,8,9,89,3.0,2023
Enteric Food and Waterborne Diseases,Cryptosporidiosis,11,17,7,10,9,17,35,25,19,8,7,5,170,5.7,2024
Enteric Food and Waterborne Diseases,Cryptosporidiosis,9,4,6,11,5,7,12,9,13,10,5,4,96,2.9,2025
Enteric Food and Waterborne Diseases,Cyclosporiasis,0,0,0,0,0,2,5,1,2,0,1,4,15,0.5,2021
Enteric Food and Waterborne Diseases,Cyclosporiasis,0,0,0,1,12,79,43,9,4,1,2,3,154,5.2,2022
Enteric Food and Waterborne Diseases,Cyclosporiasis,0,2,0,2,43,61,44,10,1,0,1,1,165,5.6,2023
Enteric Food and Waterborne Diseases,Cyclosporiasis,1,0,2,1,8,21,60,19,3,0,1,1,117,3.9,2024
Enteric Food and Waterborne Diseases,Cyclosporiasis,0,1,2,0,7,30,38,8,1,3,0,0,90,2.8,2025
Enteric Food and Waterborne Diseases,Food poisoning,0,0,0,0,0,0,0,0,0,0,0,0,0,0.0,2021
Enteric Food and Waterborne Diseases,Food poisoning,0,0,9,0,2,0,0,5,4,0,0,0,20,0.7,2022
Enteric Food and Waterborne Diseases,Food poisoning,0,3,0,1,2,1,0,2,0,0,0,0,9,0.3,2023
Enteric Food and Waterborne Diseases,Food poisoning,1,0,0,13,7,0,0,0,0,0,1,2,24,0.8,2024
Enteric Food and Waterborne Diseases,Food poisoning,5,1,0,3,0,0,0,2,1,5,1,0,18,0.6,2025
Enteric Food and Waterborne Diseases,Giardiasis,11,10,12,9,9,9,15,17,19,19,16,10,156,5.3,2021
Enteric Food and Waterborne Diseases,Giardiasis,12,12,14,18,11,17,20,20,25,12,8,15,184,6.2,2022
Enteric Food and Waterborne Diseases,Giardiasis,17,24,27,11,20,20,20,36,23,17,20,27,262,8.8,2023
Enteric Food and Waterborne Diseases,Giardiasis,30,28,15,25,24,27,30,32,36,34,25,25,331,11.2,2024
Enteric Food and Waterborne Diseases,Giardiasis,24,14,28,27,22,28,19,31,25,25,18,23,286,8.7,2025
Enteric Food and Waterborne Diseases,Hepatitis A,1,0,0,0,1,2,0,0,2,3,4,1,14,0.5,2021
Enteric Food and Waterborne Diseases,Hepatitis A,2,1,1,1,1,0,1,0,5,1,2,3,18,0.6,2022
Enteric Food and Waterborne Diseases,Hepatitis A,4,2,3,1,3,3,1,8,7,7,4,3,46,1.6,2023
Enteric Food and Waterborne Diseases,Hepatitis A,4,4,4,3,1,1,2,1,2,4,3,1,30,1.0,2024
Enteric Food and Waterborne Diseases,Hepatitis A,0,4,6,2,5,4,8,7,6,3,2,4,51,1.6,2025
Enteric Food and Waterborne Diseases,Listeriosis,3,0,1,1,1,3,5,0,3,1,2,0,20,0.7,2021
Enteric Food and Waterborne Diseases,Listeriosis,2,1,1,2,1,0,2,2,3,1,2,2,19,0.6,2022
Enteric Food and Waterborne Diseases,Listeriosis,2,1,2,3,1,2,1,3,1,0,2,3,21,0.7,2023
Enteric Food and Waterborne Diseases,Listeriosis,2,1,1,4,1,8,9,1,2,2,2,1,34,1.1,2024
Enteric Food and Waterborne Diseases,Listeriosis,1,0,1,0,3,1,3,3,3,3,0,1,20,0.6,2025
Enteric Food and Waterborne Diseases,Paralytic shellfish poisoning,0,0,0,0,0,0,0,0,0,0,0,0,0,0.0,2021
Enteric Food and Waterborne Diseases,Paralytic shellfish poisoning,0,0,0,0,0,0,0,0,0,0,0,0,0,0.0,2022
Enteric Food and Waterborne Diseases,Paralytic shellfish poisoning,0,0,0,0,0,0,0,0,0,0,0,0,0,0.0,2023
Enteric Food and Waterborne Diseases,Paralytic shellfish poisoning,0,0,0,0,0,0,0,0,0,0,0,0,0,0.0,2024
Enteric Food and Waterborne Diseases,Paralytic shellfish poisoning,0,0,0,0,0,0,0,0,0,0,0,0,0,0.0,2025
Enteric Food and Waterborne Diseases,Paratyphoid fever,0,0,1,0,0,0,0,0,0,2,0,0,3,0.1,2021
Enteric Food and Waterborne Diseases,Paratyphoid fever,0,1,1,3,0,2,0,1,3,0,0,0,11,0.4,2022
Enteric Food and Waterborne Diseases,Paratyphoid fever,0,2,4,2,1,2,1,0,1,1,0,0,14,0.5,2023
Enteric Food and Waterborne Diseases,Paratyphoid fever,0,4,2,2,1,2,1,2,0,0,0,0,14,0.5,2024
Enteric Food and Waterborne Diseases,Paratyphoid fever,1,1,4,2,0,4,0,1,1,0,1,2,17,0.5,2025
Enteric Food and Waterborne Diseases,Salmonellosis,12,10,9,10,13,17,46,25,39,24,23,26,254,8.6,2021
Enteric Food and Waterborne Diseases,Salmonellosis,17,16,18,23,45,27,36,32,33,37,20,20,324,10.9,2022
Enteric Food and Waterborne Diseases,Salmonellosis,40,34,34,34,41,35,52,46,41,37,35,27,456,15.4,2023
Enteric Food and Waterborne Diseases,Salmonellosis,43,45,30,47,44,29,44,94,44,48,40,45,553,18.6,2024
Enteric Food and Waterborne Diseases,Salmonellosis,36,30,55,39,55,46,39,48,48,37,30,30,494,15.1,2025
Enteric Food and Waterborne Diseases,Shigellosis,6,5,7,2,4,4,6,6,3,9,8,5,65,2.2,2021
Enteric Food and Waterborne Diseases,Shigellosis,3,6,10,5,8,7,9,10,31,12,8,7,116,3.9,2022
Enteric Food and Waterborne Diseases,Shigellosis,9,6,13,3,13,9,8,5,12,13,13,14,118,4.0,2023
Enteric Food and Waterborne Diseases,Shigellosis,9,10,9,6,3,8,10,11,17,14,9,7,113,3.8,2024
Enteric Food and Waterborne Diseases,Shigellosis,10,13,12,11,2,16,17,27,14,19,19,14,174,5.3,2025
Enteric Food and Waterborne Diseases,Trichinosis,0,0,0,0,0,0,0,0,0,0,0,0,0,0.0,2021
Enteric Food and Waterborne Diseases,Trichinosis,0,0,0,0,0,0,0,0,0,0,0,0,0,0.0,2022
Enteric Food and Waterborne Diseases,Trichinosis,0,0,0,0,0,0,0,0,0,0,0,0,0,0.0,2023
Enteric Food and Waterborne Diseases,Trichinosis,0,0,0,1,0,0,0,0,0,0,0,0,1,<0.1,2024
Enteric Food and Waterborne Diseases,Trichinosis,0,0,0,0,0,0,0,0,0,0,0,0,0,0.0,2025
Enteric Food and Waterborne Diseases,Typhoid fever,0,1,0,1,0,0,0,1,0,0,2,0,5,0.2,2021
Enteric Food and Waterborne Diseases,Typhoid fever,1,2,3,3,3,1,0,3,7,1,0,3,27,0.9,2022
Enteric Food and Waterborne Diseases,Typhoid fever,3,1,2,5,4,2,2,0,1,1,2,2,25,0.8,2023
Enteric Food and Waterborne Diseases,Typhoid fever,1,4,1,3,4,1,2,1,1,1,1,2,22,0.7,2024
Enteric Food and Waterborne Diseases,Typhoid fever,1,3,1,4,5,4,1,4,4,4,1,5,37,1.1,2025
Enteric Food and Waterborne Diseases,Verotoxin-producing E. coli infection (VTEC),0,0,0,2,3,3,2,3,6,3,2,1,25,0.8,2021
Enteric Food and Waterborne Diseases,Verotoxin-producing E. coli infection (VTEC),0,2,4,2,2,5,6,6,3,4,1,5,40,1.3,2022
Enteric Food and Waterborne Diseases,Verotoxin-producing E. coli infection (VTEC),1,0,1,5,3,1,5,3,2,1,2,1,25,0.8,2023
Enteric Food and Waterborne Diseases,Verotoxin-producing E. coli infection (VTEC),2,2,2,2,1,7,5,6,2,3,4,5,41,1.4,2024
Enteric Food and Waterborne Diseases,Verotoxin-producing E. coli infection (VTEC),0,0,2,3,1,2,3,4,4,2,7,3,33,1.0,2025
Enteric Food and Waterborne Diseases,Yersiniosis,8,7,10,4,3,5,6,13,8,6,8,4,82,2.8,2021
Enteric Food and Waterborne Diseases,Yersiniosis,1,5,9,6,6,3,9,7,12,10,7,5,80,2.7,2022
Enteric Food and Waterborne Diseases,Yersiniosis,9,7,3,6,9,9,8,12,5,2,6,4,80,2.7,2023
Enteric Food and Waterborne Diseases,Yersiniosis,6,12,5,8,9,3,6,9,7,8,2,3,78,2.6,2024
Enteric Food and Waterborne Diseases,Yersiniosis,5,8,7,4,5,5,9,5,4,6,3,3,64,2.0,2025
Sexually Transmitted and Bloodborne Infections,AIDS,1,0,1,0,1,0,4,0,3,6,1,1,18,0.6,2021
Sexually Transmitted and Bloodborne Infections,AIDS,3,4,1,2,2,4,3,2,2,1,1,1,26,0.9,2022
Sexually Transmitted and Bloodborne Infections,AIDS,2,1,2,1,5,2,3,1,0,0,0,0,17,0.6,2023
Sexually Transmitted and Bloodborne Infections,AIDS,0,2,0,1,0,1,0,1,1,1,1,0,8,0.3,2024
Sexually Transmitted and Bloodborne Infections,AIDS,1,0,1,1,0,2,0,0,1,0,2,0,9,0.3,2025
Sexually Transmitted and Bloodborne Infections,Chancroid,0,0,0,0,0,0,0,0,0,0,0,0,0,0.0,2021
Sexually Transmitted and Bloodborne Infections,Chancroid,0,0,0,0,0,0,0,0,0,0,0,0,0,0.0,2022
Sexually Transmitted and Bloodborne Infections,Chancroid,0,0,0,0,0,0,0,0,0,0,0,0,0,0.0,2023
Sexually Transmitted and Bloodborne Infections,Chancroid,0,0,0,0,0,0,0,0,0,0,0,0,0,0.0,2024
Sexually Transmitted and Bloodborne Infections,Chancroid,0,0,0,0,0,0,0,0,0,0,0,0,0,0.0,2025
Sexually Transmitted and Bloodborne Infections,Chlamydia,803,769,823,762,682,794,785,1000,1090,970,1027,873,10378,349.9,2021
Sexually Transmitted and Bloodborne Infections,Chlamydia,774,814,1101,981,1026,1075,952,1019,1080,983,1181,929,11915,401.8,2022
Sexually Transmitted and Bloodborne Infections,Chlamydia,1018,881,1131,1011,1150,1310,1289,1310,549,428,478,371,10926,368.4,2023
Sexually Transmitted and Bloodborne Infections,Chlamydia,1411,1239,1153,1204,1203,1035,1153,1125,1113,1241,1134,934,13945,470.2,2024
Sexually Transmitted and Bloodborne Infections,Chlamydia,1156,932,985,1003,994,978,1102,1044,1094,1047,906,837,12082,369.3,2025
Sexually Transmitted and Bloodborne Infections,Gonorrhea,316,273,291,216,196,250,270,344,427,428,429,300,3740,126.1,2021
Sexually Transmitted and Bloodborne Infections,Gonorrhea,321,303,478,440,469,495,466,458,472,465,520,440,5327,179.6,2022
Sexually Transmitted and Bloodborne Infections,Gonorrhea,484,433,524,456,599,694,724,697,697,672,680,555,7215,243.3,2023
Sexually Transmitted and Bloodborne Infections,Gonorrhea,669,556,495,542,549,539,697,667,632,696,574,452,7068,238.3,2024
Sexually Transmitted and Bloodborne Infections,Gonorrhea,554,427,432,491,507,472,637,591,671,615,529,413,6334,193.6,2025
Sexually Transmitted and Bloodborne Infections,HIV,26,29,24,17,17,29,37,23,26,45,27,20,320,10.8,2021
Sexually Transmitted and Bloodborne Infections,HIV,34,28,36,38,47,41,44,48,56,48,41,50,511,17.2,2022
Sexually Transmitted and Bloodborne Infections,HIV,56,54,55,47,75,70,71,71,47,78,60,48,732,24.7,2023
Sexually Transmitted and Bloodborne Infections,HIV,48,37,53,46,28,28,43,33,28,41,29,29,443,14.9,2024
Sexually Transmitted and Bloodborne Infections,HIV,24,26,12,33,9,23,20,14,22,21,21,35,255,7.8,2025
Sexually Transmitted and Bloodborne Infections,Hepatitis B carriers,43,36,31,37,27,36,30,23,21,26,30,24,364,12.3,2021
Sexually Transmitted and Bloodborne Infections,Hepatitis B carriers,22,17,22,14,24,11,14,26,29,22,18,15,234,7.9,2022
Sexually Transmitted and Bloodborne Infections,Hepatitis B carriers,18,17,17,14,21,40,42,33,33,43,33,19,330,11.1,2023
Sexually Transmitted and Bloodborne Infections,Hepatitis B carriers,49,53,58,44,33,48,41,40,43,42,46,28,525,17.7,2024
Sexually Transmitted and Bloodborne Infections,Hepatitis B carriers,46,47,35,43,39,44,35,44,45,48,20,30,564,17.2,2025
Sexually Transmitted and Bloodborne Infections,Hepatitis B cases,0,0,0,0,0,0,0,0,0,0,0,0,0,0.0,2021
Sexually Transmitted and Bloodborne Infections,Hepatitis B cases,0,1,0,0,1,0,0,0,0,1,0,1,4,0.1,2022
Sexually Transmitted and Bloodborne Infections,Hepatitis B cases,0,0,0,0,0,0,0,2,0,0,0,2,4,0.1,2023
Sexually Transmitted and Bloodborne Infections,Hepatitis B cases,0,1,3,1,0,0,1,1,1,1,1,0,10,0.3,2024
Sexually Transmitted and Bloodborne Infections,Hepatitis B cases,0,1,2,2,1,2,2,2,2,2,0,2,19,0.6,2025
Sexually Transmitted and Bloodborne Infections,Hepatitis B unclassified reports,17,21,28,29,24,30,22,25,27,28,35,24,310,10.5,2021
Sexually Transmitted and Bloodborne Infections,Hepatitis B unclassified reports,32,26,50,46,43,46,51,39,64,38,62,47,544,18.3,2022
Sexually Transmitted and Bloodborne Infections,Hepatitis B unclassified reports,52,44,76,51,50,30,34,34,25,34,52,52,534,18.0,2023
Sexually Transmitted and Bloodborne Infections,Hepatitis B unclassified reports,26,25,33,36,47,44,40,31,42,47,33,34,438,14.8,2024
Sexually Transmitted and Bloodborne Infections,Hepatitis B unclassified reports,27,28,25,21,30,37,37,39,37,49,40,37,320,9.8,2025
Sexually Transmitted and Bloodborne Infections,Hepatitis C,43,21,49,47,45,42,20,33,38,40,56,35,469,15.8,2021
Sexually Transmitted and Bloodborne Infections,Hepatitis C,38,30,51,33,46,40,48,57,43,34,33,30,483,16.3,2022
Sexually Transmitted and Bloodborne Infections,Hepatitis C,44,38,45,45,33,58,61,53,54,51,63,39,584,19.7,2023
Sexually Transmitted and Bloodborne Infections,Hepatitis C,46,45,52,41,52,41,30,47,35,40,31,10,470,15.8,2024
Sexually Transmitted and Bloodborne Infections,Hepatitis C,44,13,18,30,41,44,27,42,31,33,24,11,377,11.5,2025
Sexually Transmitted and Bloodborne Infections,Ophthalmia neonatorum,0,0,0,0,0,0,0,0,0,0,0,0,0,0.0,2021
Sexually Transmitted and Bloodborne Infections,Ophthalmia neonatorum,0,0,0,0,0,0,0,0,1,0,0,0,1,<0.1,2022
Sexually Transmitted and Bloodborne Infections,Ophthalmia neonatorum,0,0,0,0,0,0,0,0,0,0,0,0,0,0.0,2023
Sexually Transmitted and Bloodborne Infections,Ophthalmia neonatorum,0,0,1,0,1,0,0,0,0,0,0,0,2,<0.1,2024
Sexually Transmitted and Bloodborne Infections,Ophthalmia neonatorum,0,0,0,0,0,0,0,0,0,0,0,0,0,0.0,2025
Sexually Transmitted and Bloodborne Infections,"Syphilis, early congenital",0,0,2,0,0,2,0,0,0,0,0,0,4,0.1,2024
Sexually Transmitted and Bloodborne Infections,"Syphilis, early congenital",0,0,0,0,0,0,1,0,0,0,0,0,2,3.8,2025
Sexually Transmitted and Bloodborne Infections,"Syphilis, infectious",131,114,118,105,101,115,88,112,144,126,146,123,1423,48.0,2021
Sexually Transmitted and Bloodborne Infections,"Syphilis, infectious",130,128,141,144,136,137,156,167,138,137,172,138,1724,58.1,2022
Sexually Transmitted and Bloodborne Infections,"Syphilis, infectious",122,113,145,96,101,131,131,109,102,90,102,70,1312,44.2,2023
Sexually Transmitted and Bloodborne Infections,"Syphilis, infectious",119,113,108,104,117,113,90,81,90,82,82,63,1162,39.2,2024
Sexually Transmitted and Bloodborne Infections,"Syphilis, infectious",84,64,67,63,77,44,71,62,53,53,53,46,746,22.8,2025
Sexually Transmitted and Bloodborne Infections,"Syphilis, late congenital",,,,,,,,0,0,0,0,0,0,0.0,2025
Sexually Transmitted and Bloodborne Infections,"Syphilis, late latent",55,44,52,44,38,48,51,46,41,50,41,32,564,17.2,2025
Sexually Transmitted and Bloodborne Infections,"Syphilis, other",33,30,44,30,34,34,47,33,25,36,50,35,431,14.5,2021
Sexually Transmitted and Bloodborne Infections,"Syphilis, other",39,46,51,51,47,53,53,67,65,71,71,52,666,22.5,2022
Sexually Transmitted and Bloodborne Infections,"Syphilis, other",77,56,54,40,70,56,53,63,61,55,63,35,683,23.0,2023
Sexually Transmitted and Bloodborne Infections,"Syphilis, other",57,72,74,61,62,57,50,64,57,51,42,43,690,23.3,2024
Sexually Transmitted and Bloodborne Infections,"Syphilis, other",1,0,2,1,0,0,0,0,3,1,0,1,5,0.2,2025
Sexually Transmitted and Bloodborne Infections,Syphilitic stillbirth,,,,,,,,0,0,0,0,0,0,0.0,2025
Vaccine Preventable Diseases,Acute flaccid paralysis,0,0,0,0,0,0,0,0,0,0,0,0,0,0.0,2021
Vaccine Preventable Diseases,Acute flaccid paralysis,0,0,0,0,0,0,0,0,0,0,0,0,0,0.0,2022
Vaccine Preventable Diseases,Acute flaccid paralysis,0,0,0,1,0,0,0,0,0,0,0,0,1,<0.1,2023
Vaccine Preventable Diseases,Acute flaccid paralysis,0,0,0,0,0,0,0,1,0,0,0,0,1,<0.1,2024
Vaccine Preventable Diseases,Acute flaccid paralysis,0,0,0,0,0,0,0,0,0,0,0,0,0,0.0,2025
Vaccine Preventable Diseases,Adverse vaccine reactions,10,5,7,5,1,2,0,1,2,5,8,8,54,1.8,2021
Vaccine Preventable Diseases,Adverse vaccine reactions,4,4,1,1,3,7,8,12,4,3,13,2,62,2.1,2022
Vaccine Preventable Diseases,Adverse vaccine reactions,0,0,0,0,0,0,0,0,0,0,0,0,0,0.0,2023
Vaccine Preventable Diseases,Adverse vaccine reactions,0,0,0,1,2,9,6,1,7,10,6,4,46,1.6,2024
Vaccine Preventable Diseases,Chickenpox (Varicella),5,10,10,4,5,2,2,14,13,8,21,11,105,3.5,2021
Vaccine Preventable Diseases,Chickenpox (Varicella),18,13,11,22,21,18,30,9,19,23,20,21,225,7.6,2022
Vaccine Preventable Diseases,Chickenpox (Varicella),26,29,18,19,35,17,14,27,20,21,11,3,240,8.1,2023
Vaccine Preventable Diseases,Chickenpox (Varicella),39,18,15,47,54,33,9,18,30,39,36,29,367,12.4,2024
Vaccine Preventable Diseases,Chickenpox (Varicella),41,34,24,40,47,30,23,15,36,35,32,24,381,11.6,2025
Vaccine Preventable Diseases,Diphtheria,0,0,0,0,0,0,0,0,0,0,0,0,0,0.0,2021
Vaccine Preventable Diseases,Diphtheria,0,0,0,0,0,0,0,0,0,0,0,0,0,0.0,2022
Vaccine Preventable Diseases,Diphtheria,0,0,0,0,0,0,0,0,0,0,0,0,0,0.0,2023
Vaccine Preventable Diseases,Diphtheria,0,0,0,0,0,0,0,1,0,0,0,0,1,<0.1,2024
Vaccine Preventable Diseases,Diphtheria,0,0,0,0,0,0,0,0,0,0,0,0,0,0.0,2025
Vaccine Preventable Diseases,"Haemophilus influenzae, invasive (all types)",1,2,0,0,1,0,0,2,1,1,0,0,8,0.3,2021
Vaccine Preventable Diseases,"Haemophilus influenzae, invasive (all types)",0,0,1,0,1,0,1,0,2,5,10,6,26,0.9,2022
Vaccine Preventable Diseases,"Haemophilus influenzae, invasive (all types)",5,3,4,4,1,4,5,3,6,4,7,15,61,2.1,2023
Vaccine Preventable Diseases,"Haemophilus influenzae, invasive (all types)",8,3,5,3,5,3,2,2,4,2,5,4,46,1.6,2024
Vaccine Preventable Diseases,"Haemophilus influenzae, invasive (all types)",5,4,2,2,5,8,1,4,6,9,6,5,56,1.7,2025
Vaccine Preventable Diseases,Influenza,2,1,0,0,0,0,1,0,1,0,4,8,17,0.5732179749018196,2021
Vaccine Preventable Diseases,Influenza,1,2,9,46,82,65,17,13,59,361,2471,979,4105,138.41528158658642,2022
Vaccine Preventable Diseases,Influenza,162,84,216,180,223,56,41,33,24,34,390,1696,3139,105.84301313040068,2023
Vaccine Preventable Diseases,Influenza,1575,747,579,351,130,37,42,7,36,40,75,780,4399,148.3,2024
Vaccine Preventable Diseases,Influenza,3048,2015,1104,718,183,34,22,16,31,85,636,4770,12662,387.0,2025
Vaccine Preventable Diseases,Measles,0,0,0,0,0,0,0,0,0,0,0,0,0,0.0,2021
Vaccine Preventable Diseases,Measles,0,0,1,0,0,0,0,0,0,0,0,0,1,<0.1,2022
Vaccine Preventable Diseases,Measles,0,1,0,2,0,0,0,0,1,0,0,0,4,0.1,2023
Vaccine Preventable Diseases,Measles,0,1,2,3,1,1,0,1,0,0,0,1,10,0.3,2024
Vaccine Preventable Diseases,Measles,1,0,2,2,3,0,0,0,1,0,1,0,10,0.3,2025
Vaccine Preventable Diseases,"Meningococcal disease, invasive (IMD)",0,0,0,0,1,0,2,1,0,0,0,0,4,0.1,2021
Vaccine Preventable Diseases,"Meningococcal disease, invasive (IMD)",1,0,1,0,0,1,4,2,0,0,2,0,11,0.4,2022
Vaccine Preventable Diseases,"Meningococcal disease, invasive (IMD)",0,1,0,2,0,1,0,0,1,0,1,0,6,0.2,2023
Vaccine Preventable Diseases,"Meningococcal disease, invasive (IMD)",0,1,3,5,4,1,0,0,0,1,1,1,17,0.6,2024
Vaccine Preventable Diseases,"Meningococcal disease, invasive (IMD)",0,0,0,1,0,0,0,0,2,1,1,0,5,0.2,2025
Vaccine Preventable Diseases,Mumps,1,0,0,0,0,0,0,0,0,0,0,0,1,<0.1,2021
Vaccine Preventable Diseases,Mumps,1,0,1,0,0,0,0,1,1,1,2,2,9,0.3,2022
Vaccine Preventable Diseases,Mumps,0,1,0,1,0,0,0,0,0,0,2,2,6,0.2,2023
Vaccine Preventable Diseases,Mumps,2,2,3,2,0,0,0,0,0,0,2,0,11,0.4,2024
Vaccine Preventable Diseases,Mumps,0,0,2,1,0,0,0,1,1,0,0,1,6,0.2,2025
Vaccine Preventable Diseases,Pertussis (Whooping Cough),0,0,0,0,0,0,0,0,0,0,0,0,0,0.0,2021
Vaccine Preventable Diseases,Pertussis (Whooping Cough),0,0,2,0,1,1,0,0,2,1,3,1,11,0.4,2022
Vaccine Preventable Diseases,Pertussis (Whooping Cough),1,0,2,0,2,2,0,3,6,3,2,1,22,0.7,2023
Vaccine Preventable Diseases,Pertussis (Whooping Cough),14,0,2,9,15,24,36,48,40,22,12,12,234,7.9,2024
Vaccine Preventable Diseases,Pertussis (Whooping Cough),7,3,4,2,5,12,2,2,1,2,4,0,44,1.3,2025
Vaccine Preventable Diseases,"Pneumococcal disease, invasive (IPD)",8,9,6,12,5,6,2,9,6,7,9,17,96,3.2,2021
Vaccine Preventable Diseases,"Pneumococcal disease, invasive (IPD)",25,7,10,12,13,12,8,3,15,20,37,29,191,6.4,2022
Vaccine Preventable Diseases,"Pneumococcal disease, invasive (IPD)",22,23,20,14,23,12,19,15,16,18,29,42,253,8.5,2023
Vaccine Preventable Diseases,"Pneumococcal disease, invasive (IPD)",28,39,29,30,21,8,17,12,18,28,13,30,273,9.2,2024
Vaccine Preventable Diseases,"Pneumococcal disease, invasive (IPD)",27,37,25,22,28,20,12,6,21,21,25,43,288,8.8,2025
Vaccine Preventable Diseases,Poliomyelitis,0,0,0,0,0,0,0,0,0,0,0,0,0,0.0,2025
Vaccine Preventable Diseases,Rubella,0,0,0,0,0,0,0,0,0,0,0,0,0,0.0,2021
Vaccine Preventable Diseases,Rubella,0,0,0,0,0,0,0,0,0,0,0,0,0,0.0,2022
Vaccine Preventable Diseases,Rubella,0,0,0,0,0,0,0,0,0,0,0,0,0,0.0,2023
Vaccine Preventable Diseases,Rubella,0,0,0,0,0,0,0,0,0,0,0,0,0,0.0,2024
Vaccine Preventable Diseases,Rubella,0,0,0,0,0,0,0,0,0,0,0,0,0,0.0,2025
Vaccine Preventable Diseases,"Rubella, congenital syndrome (CRS)",0,0,0,0,0,0,0,0,0,0,0,0,0,0.0,2021
Vaccine Preventable Diseases,"Rubella, congenital syndrome (CRS)",0,0,0,0,0,0,0,0,0,0,0,0,0,0.0,2022
Vaccine Preventable Diseases,"Rubella, congenital syndrome (CRS)",0,0,0,0,0,0,0,0,0,0,0,0,0,0.0,2023
Vaccine Preventable Diseases,"Rubella, congenital syndrome (CRS)",0,0,0,0,0,0,0,0,0,0,0,0,0,0.0,2024
Vaccine Preventable Diseases,"Rubella, congenital syndrome (CRS)",0,0,0,0,0,0,0,0,0,0,0,0,0,0.0,2025
Vaccine Preventable Diseases,Smallpox,0,0,0,0,0,0,0,0,0,0,0,0,0,0.0,2025
Vaccine Preventable Diseases,Tetanus,0,0,0,0,0,0,0,0,0,0,0,0,0,0.0,2021
Vaccine Preventable Diseases,Tetanus,0,0,0,0,0,0,1,0,0,0,0,0,1,<0.1,2022
Vaccine Preventable Diseases,Tetanus,0,0,0,0,0,0,0,0,0,0,0,0,0,0.0,2023
Vaccine Preventable Diseases,Tetanus,0,0,0,0,0,0,0,0,0,0,0,0,0,0.0,2024
Vaccine Preventable Diseases,Tetanus,0,0,0,0,0,0,0,0,0,0,0,0,0,0.0,2025
Vectorborne and Zoonotic Diseases,Anaplasmosis,,,,,,,1,1,0,0,0,0,,<0.1,2023
Vectorborne and Zoonotic Diseases,Anaplasmosis,0,0,0,0,0,2,4,1,0,1,1,0,9,0.3,2024
Vectorborne and Zoonotic Diseases,Anaplasmosis,0,0,0,0,1,2,2,2,0,0,1,1,9,0.3,2025
Vectorborne and Zoonotic Diseases,Anthrax,0,0,0,0,0,0,0,0,0,0,0,0,0,0.0,2025
Vectorborne and Zoonotic Diseases,Babesiosis,,,,,,,3,1,0,0,0,0,,0.1,2023
Vectorborne and Zoonotic Diseases,Babesiosis,0,0,0,0,0,0,0,0,0,0,0,0,0,0.0,2024
Vectorborne and Zoonotic Diseases,Babesiosis,0,0,0,0,0,0,0,0,0,0,0,0,0,0.0,2025
Vectorborne and Zoonotic Diseases,Brucellosis,0,0,0,0,0,0,0,0,1,0,0,0,1,<0.1,2021
Vectorborne and Zoonotic Diseases,Brucellosis,1,0,0,0,0,0,0,0,0,0,0,0,1,<0.1,2022
Vectorborne and Zoonotic Diseases,Brucellosis,0,0,0,0,0,0,0,0,0,0,0,0,0,0.0,2023
Vectorborne and Zoonotic Diseases,Brucellosis,0,0,0,0,0,1,1,0,0,1,0,0,3,0.1,2024
Vectorborne and Zoonotic Diseases,Brucellosis,0,0,0,0,0,0,0,0,0,0,0,0,0,0.0,2025
Vectorborne and Zoonotic Diseases,Echinococcus multilocularis infection,0,0,0,0,0,0,0,0,0,0,0,0,0,0.0,2021
Vectorborne and Zoonotic Diseases,Echinococcus multilocularis infection,0,0,0,0,0,0,0,0,0,0,0,0,0,0.0,2022
Vectorborne and Zoonotic Diseases,Echinococcus multilocularis infection,0,0,0,0,0,0,0,0,0,0,0,0,0,0.0,2023
Vectorborne and Zoonotic Diseases,Echinococcus multilocularis infection,0,0,0,0,0,0,0,0,0,0,0,0,0,0.0,2024
Vectorborne and Zoonotic Diseases,Echinococcus multilocularis infection,0,0,0,0,0,0,0,0,0,0,0,0,0,0.0,2025
Vectorborne and Zoonotic Diseases,Hantavirus,0,0,0,0,0,0,0,0,0,0,0,0,0,0.0,2025
Vectorborne and Zoonotic Diseases,Hemorrhagic fevers,0,0,0,0,0,0,0,0,0,0,0,0,0,0.0,2021
Vectorborne and Zoonotic Diseases,Hemorrhagic fevers,0,0,0,0,0,1,0,0,0,0,0,0,1,<0.1,2022
Vectorborne and Zoonotic Diseases,Hemorrhagic fevers,0,0,0,0,0,0,0,0,0,0,0,0,0,0.0,2023
Vectorborne and Zoonotic Diseases,Hemorrhagic fevers,0,0,0,0,0,0,0,1,0,0,0,1,2,<0.1,2024
Vectorborne and Zoonotic Diseases,Hemorrhagic fevers,0,0,0,0,0,0,0,0,0,0,0,0,0,0.0,2025
Vectorborne and Zoonotic Diseases,Lassa fever,0,0,0,0,0,0,0,0,0,0,0,0,0,0.0,2025
Vectorborne and Zoonotic Diseases,Lyme disease,0,1,2,2,6,38,40,25,14,5,3,0,136,4.6,2021
Vectorborne and Zoonotic Diseases,Lyme disease,1,0,2,5,6,22,29,28,15,6,10,1,125,4.2,2022
Vectorborne and Zoonotic Diseases,Lyme disease,4,4,2,2,3,25,73,26,16,4,2,2,163,5.5,2023
Vectorborne and Zoonotic Diseases,Lyme disease,0,4,0,1,15,37,41,49,35,30,7,2,221,7.5,2024
Vectorborne and Zoonotic Diseases,Lyme disease,4,2,1,4,20,47,96,39,13,16,9,5,274,8.4,2025
Vectorborne and Zoonotic Diseases,Plague,0,0,0,0,0,0,0,0,0,0,0,0,0,0.0,2025
Vectorborne and Zoonotic Diseases,Powassan virus,,,,,,,0,0,0,0,0,0,,0.0,2023
Vectorborne and Zoonotic Diseases,Powassan virus,0,0,0,0,0,0,0,0,0,0,0,0,0,0.0,2024
Vectorborne and Zoonotic Diseases,Powassan virus,0,0,0,0,0,0,0,0,0,0,0,0,1,<0.1,2025
Vectorborne and Zoonotic Diseases,Psittacosis/Ornithosis,0,0,0,0,0,0,0,0,0,0,0,0,0,0.0,2025
Vectorborne and Zoonotic Diseases,Q fever,0,0,0,0,0,0,0,0,0,0,0,0,0,0.0,2021
Vectorborne and Zoonotic Diseases,Q fever,0,0,0,0,0,0,0,0,0,1,0,0,1,<0.1,2022
Vectorborne and Zoonotic Diseases,Q fever,0,0,0,0,0,0,0,0,0,0,0,0,0,0.0,2023
Vectorborne and Zoonotic Diseases,Q fever,0,0,0,0,1,0,2,1,0,0,0,1,5,0.2,2024
Vectorborne and Zoonotic Diseases,Q fever,0,0,0,0,0,0,0,0,0,0,0,0,0,0.0,2025
Vectorborne and Zoonotic Diseases,Rabies,0,0,0,0,0,0,0,0,0,0,0,0,0,0.0,2021
Vectorborne and Zoonotic Diseases,Rabies,0,0,0,0,0,0,0,0,0,0,0,0,0,0.0,2022
Vectorborne and Zoonotic Diseases,Rabies,0,0,0,0,0,0,0,0,0,0,0,0,0,0.0,2023
Vectorborne and Zoonotic Diseases,Rabies,0,0,0,0,0,0,0,0,0,0,0,0,0,0.0,2024
Vectorborne and Zoonotic Diseases,Rabies,0,0,0,0,0,0,0,0,0,0,0,0,0,0.0,2025
Vectorborne and Zoonotic Diseases,Tularemia,0,0,0,0,0,0,0,0,0,0,0,0,0,0.0,2021
Vectorborne and Zoonotic Diseases,Tularemia,0,0,0,0,0,0,0,0,0,0,0,0,0,0.0,2022
Vectorborne and Zoonotic Diseases,Tularemia,0,0,0,0,0,0,0,0,0,0,0,0,0,0.0,2023
Vectorborne and Zoonotic Diseases,Tularemia,0,0,0,0,0,0,0,0,0,0,0,0,0,0.0,2024
Vectorborne and Zoonotic Diseases,Tularemia,0,0,0,0,0,0,0,0,0,0,0,0,0,0.0,2025
Vectorborne and Zoonotic Diseases,West Nile Virus (WNV),0,0,0,0,0,0,0,2,5,1,0,0,8,0.3,2021
Vectorborne and Zoonotic Diseases,West Nile Virus (WNV),0,0,0,0,0,0,0,5,7,0,2,0,14,0.5,2022
Vectorborne and Zoonotic Diseases,West Nile Virus (WNV),0,0,0,0,0,0,2,6,14,1,0,0,23,0.8,2023
Vectorborne and Zoonotic Diseases,West Nile Virus (WNV),0,1,0,0,1,0,1,6,4,1,0,0,14,0.5,2024
Vectorborne and Zoonotic Diseases,West Nile Virus (WNV),0,0,0,0,0,1,3,50,23,0,0,0,78,2.4,2025
Other Diseases,Blastomycosis,0,0,1,0,0,3,1,0,0,1,0,1,7,0.2,2021
Other Diseases,Blastomycosis,0,0,0,0,1,0,0,0,0,0,0,0,1,<0.1,2022
Other Diseases,Blastomycosis,0,0,0,0,1,0,0,0,1,2,1,0,5,0.2,2023
Other Diseases,Blastomycosis,0,0,0,1,1,0,0,0,2,0,0,0,4,0.1,2024
Other Diseases,Blastomycosis,0,2,3,1,2,2,0,0,0,1,2,0,14,0.4,2025
Other Diseases,Candida auris,0,0,0,0,0,0,0,0,0,0,0,0,0,0.0,2025
Other Diseases,Carbapenemase-producing Enterobacteriaceae (CPE),2,2,3,6,2,4,4,5,11,12,12,6,69,2.3,2021
Other Diseases,Carbapenemase-producing Enterobacteriaceae (CPE),6,6,5,9,14,18,22,16,19,22,20,19,176,5.9,2022
Other Diseases,Carbapenemase-producing Enterobacteriaceae (CPE),15,11,26,27,17,22,13,26,9,2,0,0,168,5.7,2023
Other Diseases,Carbapenemase-producing Enterobacteriaceae (CPE),21,29,18,34,23,30,40,28,21,29,35,17,325,11.0,2024
Other Diseases,Carbapenemase-producing Enterobacteriaceae (CPE),15,22,24,33,36,31,29,17,27,30,23,24,306,9.4,2025
Other Diseases,Creutzfeldt-Jakob disease (CJD),0,1,0,0,0,0,0,0,1,0,0,1,3,0.1,2021
Other Diseases,Creutzfeldt-Jakob disease (CJD),0,1,0,0,2,0,0,0,0,1,2,0,6,0.2,2022
Other Diseases,Creutzfeldt-Jakob disease (CJD),1,0,1,0,1,0,0,0,0,0,0,0,3,0.1,2023
Other Diseases,Creutzfeldt-Jakob disease (CJD),0,0,0,0,0,0,0,0,0,0,0,0,0,0.0,2024
Other Diseases,Creutzfeldt-Jakob disease (CJD),0,0,0,1,1,1,0,0,0,0,0,0,4,0.1,2025
