Disease Category,Disease,January,February,March,April,May,June,July,August,September,October,November,December,Yearly Cases,Year
Diseases Transmitted by Direct Contact and Respiratory Routes,"Group A Streptococcal disease, invasive (iGAS)",1824,409,4506,4012,3657,2286,1679,8935,1424,9674,6912,520,45838,2021
Diseases Transmitted by Direct Contact and Respiratory Routes,"Group A Streptococcal disease, invasive (iGAS)",488,1535,3582,3811,8279,9863,434,9195,3257,8928,6873,3611,59856,2022
Diseases Transmitted by Direct Contact and Respiratory Routes,"Group A Streptococcal disease, invasive (iGAS)",7359,9654,4557,106,2615,6924,5574,4552,2547,3527,5514,1674,54603,2023
Diseases Transmitted by Direct Contact and Respiratory Routes,"Group A Streptococcal disease, invasive (iGAS)",1519,6224,1584,5881,5635,9891,4333,711,7527,8785,2045,6201,60336,2024
Diseases Transmitted by Direct Contact and Respiratory Routes,"Group A Streptococcal disease, invasive (iGAS)",1291,9044,4803,5925,9459,3150,1139,750,3733,4741,1307,3814,49156,2025
Diseases Transmitted by Direct Contact and Respiratory Routes,"Group B Streptococcal disease, neonatal (GBS)",1654,6227,4554,7428,5977,2664,6065,5820,3432,4374,1169,9980,59344,2021
Diseases Transmitted by Direct Contact and Respiratory Routes,"Group B Streptococcal disease, neonatal (GBS)",2803,8751,4010,2677,7573,6216,4422,9125,3598,5313,916,3752,59156,2022
Diseases Transmitted by Direct Contact and Respiratory Routes,"Group B Streptococcal disease, neonatal (GBS)",525,5168,6572,4386,1084,3456,9292,5155,3483,8179,6482,7517,61299,2023
Diseases Transmitted by Direct Contact and Respiratory Routes,"Group B Streptococcal disease, neonatal (GBS)",2340,4339,2287,4040,9197,8830,4304,9577,7019,9560,6543,5930,73966,2024
Diseases Transmitted by Direct Contact and Respiratory Routes,"Group B Streptococcal disease, neonatal (GBS)",3593,2266,8348,8085,1489,771,1796,2504,2621,6916,9771,1040,49200,2025
Diseases Transmitted by Direct Contact and Respiratory Routes,Legionellosis,6304,6252,9763,7668,8669,4119,9064,188,1876,8797,4371,5573,72644,2021
Diseases Transmitted by Direct Contact and Respiratory Routes,Legionellosis,1827,4808,7123,2591,7433,53,4315,8201,2927,8317,1743,4889,54227,2022
Diseases Transmitted by Direct Contact and Respiratory Routes,Legionellosis,8317,9977,3258,2504,6126,2646,8837,8689,9,9813,5310,8005,73491,2023
Diseases Transmitted by Direct Contact and Respiratory Routes,Legionellosis,319,1832,5947,5038,3923,949,3946,9295,1290,1403,7962,1133,43037,2024
Diseases Transmitted by Direct Contact and Respiratory Routes,Legionellosis,8727,2060,2103,7787,9007,2705,4342,8645,9938,6932,3470,8835,74551,2025
Diseases Transmitted by Direct Contact and Respiratory Routes,Leprosy,3295,5107,6537,6118,7177,8479,7397,1982,4061,3681,1049,5539,60422,2021
Diseases Transmitted by Direct Contact and Respiratory Routes,Leprosy,344,9638,9075,3770,9641,3608,117,1163,964,3750,1104,514,43688,2022
Diseases Transmitted by Direct Contact and Respiratory Routes,Leprosy,5413,1160,8423,3899,4562,7953,3510,8834,2167,9355,9440,7744,72460,2023
Diseases Transmitted by Direct Contact and Respiratory Routes,Leprosy,3981,7749,6669,3119,1545,1588,7062,5804,6939,6735,7651,887,59729,2024
Diseases Transmitted by Direct Contact and Respiratory Routes,Leprosy,1612,993,6596,5559,1790,4073,3139,3116,8786,7350,2296,6912,52222,2025
Diseases Transmitted by Direct Contact and Respiratory Routes,Mpox,3006,4563,7579,4092,1235,7260,9016,1604,828,8856,241,1528,49808,2021
Diseases Transmitted by Direct Contact and Respiratory Routes,Mpox,3872,2724,6658,7956,7886,3502,6570,960,2697,6209,35,6396,55465,2022
Diseases Transmitted by Direct Contact and Respiratory Routes,Mpox,4345,7454,4673,6930,9105,7973,2536,3111,4861,3566,958,9489,65001,2023
Diseases Transmitted by Direct Contact and Respiratory Routes,Mpox,8883,998,5138,936,821,9571,7811,8238,8701,2579,931,8320,62927,2024
Diseases Transmitted by Direct Contact and Respiratory Routes,Mpox,1312,3044,1122,9749,1113,3853,6615,1964,9333,4033,9485,9740,61363,2025
Diseases Transmitted by Direct Contact and Respiratory Routes,SARS,651,1343,6868,9562,9260,8565,5183,4272,3346,5147,3910,4351,62458,2021
Diseases Transmitted by Direct Contact and Respiratory Routes,SARS,6484,2144,4915,7491,5180,1188,152,7508,9224,1638,1200,8808,55932,2022
Diseases Transmitted by Direct Contact and Respiratory Routes,SARS,3492,8288,4345,2170,5718,1127,4002,6054,4669,2584,7179,8900,58528,2023
Diseases Transmitted by Direct Contact and Respiratory Routes,SARS,4956,8666,128,9086,4905,1697,2200,4333,1891,1753,9064,2546,51225,2024
Diseases Transmitted by Direct Contact and Respiratory Routes,SARS,4462,4616,9909,3450,5617,3335,4325,8280,8004,4114,832,1512,58456,2025
Diseases Transmitted by Direct Contact and Respiratory Routes,TB: Atypical mycobacterial infections,6939,4533,722,58,5464,2143,4291,2647,7239,9038,7007,9189,59270,2021
Diseases Transmitted by Direct Contact and Respiratory Routes,TB: Atypical mycobacterial infections,158,1832,1232,2442,8938,590,6049,9543,9052,2426,7041,2088,51391,2022
Diseases Transmitted by Direct Contact and Respiratory Routes,TB: Atypical mycobacterial infections,685,5050,5974,653,5862,3441,4088,1684,5794,9173,6658,2532,51594,2023
Diseases Transmitted by Direct Contact and Respiratory Routes,TB: Atypical mycobacterial infections,3878,2662,2900,6755,406,2938,5442,6745,4065,4371,2608,1771,44541,2024
Diseases Transmitted by Direct Contact and Respiratory Routes,TB: Atypical mycobacterial infections,6267,634,7711,3644,3269,7541,5728,5000,3728,3652,387,3164,50725,2025
Diseases Transmitted by Direct Contact and Respiratory Routes,Tuberculosis,6528,5378,4564,1137,4573,5753,8346,6548,8785,5425,452,1889,59378,2021
Diseases Transmitted by Direct Contact and Respiratory Routes,Tuberculosis,4279,2925,9512,4349,626,1776,9774,7119,5663,5139,7149,9932,68243,2022
Diseases Transmitted by Direct Contact and Respiratory Routes,Tuberculosis,8379,1894,6311,9446,3114,4173,727,7144,27,8518,8821,3228,61782,2023
Diseases Transmitted by Direct Contact and Respiratory Routes,Tuberculosis,5967,7066,1146,5409,5143,2041,4920,8308,5067,6691,5344,6592,63694,2024
Diseases Transmitted by Direct Contact and Respiratory Routes,Tuberculosis,4844,9083,2085,3143,6888,6211,2851,9324,4930,6653,8977,6,64995,2025
Diseases Transmitted by Direct Contact and Respiratory Routes,"Tuberculosis infection, latent (LTBI)",4978,4700,3443,7043,9502,9939,5279,7618,7238,7244,3501,8375,78860,2021
Diseases Transmitted by Direct Contact and Respiratory Routes,"Tuberculosis infection, latent (LTBI)",7752,2780,1389,4649,8445,5491,1530,3848,5085,3680,3262,2414,50325,2022
Diseases Transmitted by Direct Contact and Respiratory Routes,"Tuberculosis infection, latent (LTBI)",400,757,4011,7784,1193,7461,6790,9431,3185,6291,8099,6547,61949,2023
Diseases Transmitted by Direct Contact and Respiratory Routes,"Tuberculosis infection, latent (LTBI)",3997,2417,90,1746,6965,3585,2881,8486,7611,822,9132,4082,51814,2024
Diseases Transmitted by Direct Contact and Respiratory Routes,"Tuberculosis infection, latent (LTBI)",1988,7478,2184,7612,8702,9157,9755,5198,7251,8270,6991,8976,83562,2025
Enteric Food and Waterborne Diseases,Amebiasis,7305,2607,7777,7373,4246,4050,4543,8540,7939,3919,4499,7206,70004,2021
Enteric Food and Waterborne Diseases,Amebiasis,1269,4681,3841,4451,5502,5238,8849,1320,2267,2471,3788,6275,49952,2022
Enteric Food and Waterborne Diseases,Amebiasis,2503,3505,1052,6797,6678,5421,8890,7633,6812,1020,3388,6883,60582,2023
Enteric Food and Waterborne Diseases,Amebiasis,6381,9569,320,9432,6232,7814,96,5763,4892,6389,6865,8818,72571,2024
Enteric Food and Waterborne Diseases,Amebiasis,8947,9883,3613,7999,3595,4471,7140,7956,475,6371,5507,6624,72581,2025
Enteric Food and Waterborne Diseases,Botulism,2704,7657,2091,8751,441,6455,9697,9246,444,1375,7022,2223,58106,2021
Enteric Food and Waterborne Diseases,Botulism,7564,2977,823,4262,6211,5363,3467,7449,5355,5529,6211,4558,59769,2022
Enteric Food and Waterborne Diseases,Botulism,6906,4133,1341,7705,317,8837,853,5733,3673,1124,659,508,41789,2023
Enteric Food and Waterborne Diseases,Botulism,4051,3266,333,2496,3908,2068,7758,1874,9240,3571,7619,4198,50382,2024
Enteric Food and Waterborne Diseases,Botulism,6043,2749,9926,9949,1876,2683,5096,1771,9481,420,5111,9433,64538,2025
Enteric Food and Waterborne Diseases,Campylobacter enteritis,6149,6498,3249,1245,9700,3978,1669,4941,9837,1983,9272,672,59193,2021
Enteric Food and Waterborne Diseases,Campylobacter enteritis,5688,8728,7018,6071,1129,8289,5590,207,6882,8031,1729,7102,66464,2022
Enteric Food and Waterborne Diseases,Campylobacter enteritis,5934,7532,2506,7135,2885,8548,4425,8817,7921,7616,7136,9707,80162,2023
Enteric Food and Waterborne Diseases,Campylobacter enteritis,4397,5280,4022,1419,4569,7385,3995,7613,9336,9999,6209,5511,69735,2024
Enteric Food and Waterborne Diseases,Campylobacter enteritis,470,8098,5325,2979,7988,3475,5813,4232,5576,4581,9767,4526,62830,2025
Enteric Food and Waterborne Diseases,Cholera,9106,166,8464,3130,1402,3954,6658,8004,9096,3937,7800,8041,69758,2021
Enteric Food and Waterborne Diseases,Cholera,7342,282,1524,4820,3630,6625,3986,5016,9528,6046,7753,9068,65620,2022
Enteric Food and Waterborne Diseases,Cholera,8698,5632,6971,9017,5419,5764,7434,4438,5023,4118,3777,1976,68267,2023
Enteric Food and Waterborne Diseases,Cholera,3155,5169,1958,8779,3033,3138,3545,7933,4530,9659,8595,9777,69271,2024
Enteric Food and Waterborne Diseases,Cholera,4636,1647,3180,4853,3727,5912,2939,4952,231,8751,2073,4494,47395,2025
Enteric Food and Waterborne Diseases,Cryptosporidiosis,745,893,9066,4786,2068,8042,1680,200,9405,4658,7690,7843,57076,2021
Enteric Food and Waterborne Diseases,Cryptosporidiosis,7216,5582,3020,841,4136,7827,1869,1070,6565,8056,1213,9453,56848,2022
Enteric Food and Waterborne Diseases,Cryptosporidiosis,878,2485,2444,9221,4978,1395,4066,1940,9143,6818,9933,9766,63067,2023
Enteric Food and Waterborne Diseases,Cryptosporidiosis,3697,8561,6232,7381,7253,4871,9642,7025,5003,9316,986,9988,79955,2024
Enteric Food and Waterborne Diseases,Cryptosporidiosis,1625,3404,3457,4335,1330,2573,3929,2847,9043,1229,2564,43,36379,2025
Enteric Food and Waterborne Diseases,Cyclosporiasis,6693,7381,9729,7699,4771,534,3792,4720,4632,7438,1166,3824,62379,2021
Enteric Food and Waterborne Diseases,Cyclosporiasis,4334,9663,3241,6965,1880,8922,3683,2441,4352,2330,1169,977,49957,2022
Enteric Food and Waterborne Diseases,Cyclosporiasis,2718,5039,9749,9325,4728,7195,2037,7679,4982,6594,4460,8199,72705,2023
Enteric Food and Waterborne Diseases,Cyclosporiasis,8847,8090,7172,1317,9798,653,7078,5280,9891,4102,423,1496,64147,2024
Enteric Food and Waterborne Diseases,Cyclosporiasis,3750,9424,9619,339,4415,9441,659,2870,7708,8502,7245,4557,68529,2025
Enteric Food and Waterborne Diseases,Food poisoning,2973,9590,7141,8056,1494,7700,5700,6690,5460,5260,1713,2634,64411,2021
Enteric Food and Waterborne Diseases,Food poisoning,5403,6744,8117,4722,6561,9012,601,7451,1442,5153,4135,5296,64637,2022
Enteric Food and Waterborne Diseases,Food poisoning,1899,6622,8431,18,8889,7569,6770,888,3073,8494,5927,8167,66747,2023
Enteric Food and Waterborne Diseases,Food poisoning,7242,845,3335,4375,8998,2146,4719,7178,7941,1989,472,9975,59215,2024
Enteric Food and Waterborne Diseases,Food poisoning,3920,2594,5091,9024,224,9048,6684,1527,3681,1858,7560,1924,53135,2025
Enteric Food and Waterborne Diseases,Giardiasis,2522,8165,4781,8337,4479,6807,7905,7736,3993,7483,9031,2369,73608,2021
Enteric Food and Waterborne Diseases,Giardiasis,6284,3122,9820,8327,2236,1143,4526,6798,5568,8318,4377,42,60561,2022
Enteric Food and Waterborne Diseases,Giardiasis,4634,4891,9616,9501,8022,2434,7316,8824,7935,5654,5446,9042,83315,2023
Enteric Food and Waterborne Diseases,Giardiasis,8903,6180,7460,5272,3090,3912,9368,6274,3826,6730,715,5213,66943,2024
Enteric Food and Waterborne Diseases,Giardiasis,7749,6246,6325,2492,8115,606,2068,8229,9669,5439,1644,7213,65795,2025
Enteric Food and Waterborne Diseases,Hepatitis A,1633,8617,7486,251,2361,6717,2529,1225,7692,4342,5546,6512,54911,2021
Enteric Food and Waterborne Diseases,Hepatitis A,1315,5383,8742,6226,5188,7994,8864,588,1121,3846,4708,3727,57702,2022
Enteric Food and Waterborne Diseases,Hepatitis A,1480,7110,1612,1646,7269,2725,4906,474,753,5314,919,4806,39014,2023
Enteric Food and Waterborne Diseases,Hepatitis A,5873,6141,7056,2385,4000,8702,6751,9272,2950,2785,2868,1293,60076,2024
Enteric Food and Waterborne Diseases,Hepatitis A,9985,6267,3945,8153,9554,2344,3804,7555,4161,7529,4183,153,67633,2025
Enteric Food and Waterborne Diseases,Listeriosis,7622,4712,8955,2588,1210,7237,5661,9626,4901,6951,4097,7484,71044,2021
Enteric Food and Waterborne Diseases,Listeriosis,4949,3263,6302,7916,1747,3886,6248,9370,5881,9417,4847,4837,68663,2022
Enteric Food and Waterborne Diseases,Listeriosis,359,6484,4497,132,9272,803,9935,8138,4689,3770,9946,5772,63797,2023
Enteric Food and Waterborne Diseases,Listeriosis,3588,3115,4106,2240,1591,645,5061,7222,546,9495,5977,2153,45739,2024
Enteric Food and Waterborne Diseases,Listeriosis,1476,4835,5352,6807,2877,3289,2165,8837,5994,8697,8221,4465,63015,2025
Enteric Food and Waterborne Diseases,Paralytic shellfish poisoning,2695,4210,7894,4835,5549,1886,7673,1233,2306,3696,6511,9131,57619,2021
Enteric Food and Waterborne Diseases,Paralytic shellfish poisoning,5992,1479,6464,228,4332,8791,2024,7451,6038,4295,9577,6242,62913,2022
Enteric Food and Waterborne Diseases,Paralytic shellfish poisoning,6086,1775,3830,7724,410,9198,5374,9995,3626,1035,7606,4951,61610,2023
Enteric Food and Waterborne Diseases,Paralytic shellfish poisoning,6689,1911,2290,742,609,4986,8071,1902,1592,3846,8807,2222,43667,2024
Enteric Food and Waterborne Diseases,Paralytic shellfish poisoning,6367,7432,6078,8850,6866,9622,2531,6797,1622,8017,6686,4583,75451,2025
Enteric Food and Waterborne Diseases,Paratyphoid fever,536,6070,3559,7264,7285,3868,5942,1627,6018,8920,5876,992,57957,2021
Enteric Food and Waterborne Diseases,Paratyphoid fever,6523,4520,3109,2001,7450,1501,3475,9783,349,828,5464,3990,48993,2022
Enteric Food and Waterborne Diseases,Paratyphoid fever,2063,9250,3362,1124,9080,3394,9607,3538,3817,5383,2417,9764,62799,2023
Enteric Food and Waterborne Diseases,Paratyphoid fever,46,4542,2370,2129,8850,4106,2858,1801,422,2159,243,5869,35395,2024
Enteric Food and Waterborne Diseases,Paratyphoid fever,3898,9647,5304,258,2854,4347,858,2076,6897,8619,1862,1041,47661,2025
Enteric Food and Waterborne Diseases,Salmonellosis,7802,7344,5931,8408,9726,1786,7405,8254,3629,710,8543,4941,74479,2021
Enteric Food and Waterborne Diseases,Salmonellosis,7504,510,996,7847,6580,6984,1768,8032,7267,1204,1323,5277,55292,2022
Enteric Food and Waterborne Diseases,Salmonellosis,9966,2430,1076,2067,4505,9590,8984,5327,6240,9787,8692,4831,73495,2023
Enteric Food and Waterborne Diseases,Salmonellosis,7433,8282,9919,7048,1624,1874,9033,3522,7046,7398,3743,6779,73701,2024
Enteric Food and Waterborne Diseases,Salmonellosis,5553,7430,6532,6815,1557,5120,6992,5120,4176,6132,2500,7770,65697,2025
Enteric Food and Waterborne Diseases,Shigellosis,1099,1494,1398,1527,7075,1582,6105,2131,9115,982,9608,9201,51317,2021
Enteric Food and Waterborne Diseases,Shigellosis,9202,5400,2002,6730,5793,6929,842,4712,9837,5119,5761,1697,64024,2022
Enteric Food and Waterborne Diseases,Shigellosis,9468,8313,3485,2535,7900,3674,1773,5736,9113,6022,1882,4564,64465,2023
Enteric Food and Waterborne Diseases,Shigellosis,9406,3705,7030,9190,9121,430,9977,4381,474,2955,4477,5062,66208,2024
Enteric Food and Waterborne Diseases,Shigellosis,5567,5751,100,2972,2347,9278,6566,1140,2324,502,1503,8691,46741,2025
Enteric Food and Waterborne Diseases,Trichinosis,3524,6163,6878,7432,5585,2578,6062,5105,5314,9299,9768,1391,69099,2021
Enteric Food and Waterborne Diseases,Trichinosis,861,2549,2579,815,1336,4458,7259,6947,7957,9946,7242,6785,58734,2022
Enteric Food and Waterborne Diseases,Trichinosis,4475,3531,8394,1864,5655,7043,1816,4640,9717,7972,8633,5053,68793,2023
Enteric Food and Waterborne Diseases,Trichinosis,744,3612,6475,9819,897,125,3349,4938,3460,2248,4186,4742,44595,2024
Enteric Food and Waterborne Diseases,Trichinosis,5375,1965,126,8149,7055,2878,2116,6229,8725,3770,8196,9154,63738,2025
Enteric Food and Waterborne Diseases,Typhoid fever,5802,1180,6505,693,7147,307,7532,1275,5129,9433,7033,9394,61430,2021
Enteric Food and Waterborne Diseases,Typhoid fever,6626,6843,4743,1887,6636,341,5321,2815,7538,5928,1443,7155,57276,2022
Enteric Food and Waterborne Diseases,Typhoid fever,1734,3986,7138,9648,6560,8584,1288,6484,5083,5562,3630,5456,65153,2023
Enteric Food and Waterborne Diseases,Typhoid fever,2754,1251,8363,1868,8693,8355,3176,5724,5752,2419,3871,1684,53910,2024
Enteric Food and Waterborne Diseases,Typhoid fever,2399,4193,3232,2842,9869,2504,1234,2902,8095,7601,9236,9494,63601,2025
Enteric Food and Waterborne Diseases,Verotoxin-producing E. coli infection (VTEC),7354,9248,5295,5179,2473,7205,1118,7682,7245,4961,4500,9689,71949,2021
Enteric Food and Waterborne Diseases,Verotoxin-producing E. coli infection (VTEC),920,5766,8312,1215,5085,7565,7404,616,932,6041,4703,1257,49816,2022
Enteric Food and Waterborne Diseases,Verotoxin-producing E. coli infection (VTEC),1479,9733,8307,6299,7581,9508,9081,672,7368,9366,3084,5267,77745,2023
Enteric Food and Waterborne Diseases,Verotoxin-producing E. coli infection (VTEC),9912,7792,8214,2471,1013,7381,1695,5626,1381,8266,2827,641,57219,2024
Enteric Food and Waterborne Diseases,Verotoxin-producing E. coli infection (VTEC),4059,7172,7199,8586,8564,9991,2600,5962,6108,4634,6347,6697,77919,2025
Enteric Food and Waterborne Diseases,Yersiniosis,5543,9795,857,5482,1079,5401,1548,9141,6333,4655,4128,9874,63836,2021
Enteric Food and Waterborne Diseases,Yersiniosis,2463,5461,1335,9547,2317,5731,5082,6421,2112,9749,1388,5072,56678,2022
Enteric Food and Waterborne Diseases,Yersiniosis,9157,6171,5381,2093,8624,1531,6937,8331,5928,298,5940,5060,65451,2023
Enteric Food and Waterborne Diseases,Yersiniosis,2953,3509,5598,7967,3145,3711,2253,2538,1264,4846,1657,8317,47758,2024
Enteric Food and Waterborne Diseases,Yersiniosis,8843,8626,618,5517,2147,9785,6172,2527,2658,2962,2712,7170,59737,2025
Sexually Transmitted and Bloodborne Infections,AIDS,715,6731,5968,3891,7277,4668,7355,3833,8749,3918,5070,7684,65859,2021
Sexually Transmitted and Bloodborne Infections,AIDS,3178,6026,9345,7218,7564,4616,6256,8239,8641,6859,2655,3271,73868,2022
Sexually Transmitted and Bloodborne Infections,AIDS,9906,2267,4096,854,7873,6081,9085,1680,8452,2042,4670,1374,58380,2023
Sexually Transmitted and Bloodborne Infections,AIDS,2626,4469,7361,8410,2414,7167,1502,3637,7391,5727,436,6797,57937,2024
Sexually Transmitted and Bloodborne Infections,AIDS,872,6495,8224,6126,3862,6326,1337,6142,3678,461,5221,1623,50367,2025
Sexually Transmitted and Bloodborne Infections,Chancroid,5493,2392,2254,627,4700,7740,2273,7685,7349,86,1298,311,42208,2021
Sexually Transmitted and Bloodborne Infections,Chancroid,4193,3533,2449,8991,9975,8647,6934,1821,4720,3893,4934,1996,62086,2022
Sexually Transmitted and Bloodborne Infections,Chancroid,782,3906,6878,7489,1029,1816,8189,9776,8782,269,8443,9421,66780,2023
Sexually Transmitted and Bloodborne Infections,Chancroid,3963,2352,4772,7032,25,5780,3941,9349,6825,3068,1402,8576,57085,2024
Sexually Transmitted and Bloodborne Infections,Chancroid,5908,1108,8618,8914,8312,8316,9079,333,6397,7702,713,6338,71738,2025
Sexually Transmitted and Bloodborne Infections,Chlamydia,6116,4155,266,5850,1106,5649,3950,1698,9533,5447,2185,726,46681,2021
Sexually Transmitted and Bloodborne Infections,Chlamydia,5772,8945,5546,2868,7612,7840,2986,2209,1033,7498,605,4807,57721,2022
Sexually Transmitted and Bloodborne Infections,Chlamydia,3302,717,3268,686,5170,5080,8444,6524,8897,7756,4150,599,54593,2023
Sexually Transmitted and Bloodborne Infections,Chlamydia,3131,4687,5848,783,5438,4476,2039,6029,7159,6553,7204,6334,59681,2024
Sexually Transmitted and Bloodborne Infections,Chlamydia,5554,3060,8129,8151,6018,8507,4369,1353,6955,1293,7055,9870,70314,2025
Sexually Transmitted and Bloodborne Infections,Gonorrhea,2956,8937,4813,5262,1680,1311,5372,4843,5021,7305,9873,6981,64354,2021
Sexually Transmitted and Bloodborne Infections,Gonorrhea,2730,7272,5759,7325,693,5776,7126,4498,939,1229,6655,5952,55954,2022
Sexually Transmitted and Bloodborne Infections,Gonorrhea,8406,2621,510,2339,9954,7179,570,2068,1101,3866,6001,5933,50548,2023
Sexually Transmitted and Bloodborne Infections,Gonorrhea,6272,9293,530,9913,2513,7371,6077,6095,7273,1259,9403,2255,68254,2024
Sexually Transmitted and Bloodborne Infections,Gonorrhea,8674,6012,6521,5150,4566,4089,1858,424,3048,8176,8482,6340,63340,2025
Sexually Transmitted and Bloodborne Infections,HIV,9202,1929,4288,4264,7311,3515,4678,8047,3279,2009,2223,1213,51958,2021
Sexually Transmitted and Bloodborne Infections,HIV,7406,2828,7292,1438,5236,5692,1063,9011,8882,4757,4914,2580,61099,2022
Sexually Transmitted and Bloodborne Infections,HIV,2852,5922,8335,3673,1988,3292,2275,3878,8094,430,5912,9077,55728,2023
Sexually Transmitted and Bloodborne Infections,HIV,9376,6044,7657,9038,2126,1412,1077,5067,6523,7842,8612,6730,71504,2024
Sexually Transmitted and Bloodborne Infections,HIV,6708,9419,1208,2053,5194,1215,7372,7632,8476,5644,2102,9032,66055,2025
Sexually Transmitted and Bloodborne Infections,Hepatitis B carriers,9630,2981,2114,7088,8238,907,2034,8488,2507,4982,2697,2653,54319,2021
Sexually Transmitted and Bloodborne Infections,Hepatitis B carriers,5286,3694,5669,8501,4653,1292,4105,3216,9024,4496,2050,4961,56947,2022
Sexually Transmitted and Bloodborne Infections,Hepatitis B carriers,8740,1530,8234,2762,9696,9513,2526,2804,9914,5531,9234,674,71158,2023
Sexually Transmitted and Bloodborne Infections,Hepatitis B carriers,464,1330,744,9449,4336,3453,9373,6825,496,8159,8938,4745,58312,2024
Sexually Transmitted and Bloodborne Infections,Hepatitis B carriers,4949,7912,4012,6653,4873,7430,1195,981,2589,7202,6809,7933,62538,2025
Sexually Transmitted and Bloodborne Infections,Hepatitis B cases,7609,3342,5573,9939,2353,5121,5231,5658,6532,2142,6070,8437,68007,2021
Sexually Transmitted and Bloodborne Infections,Hepatitis B cases,9202,1739,5228,3960,7642,2007,4382,7366,4061,2308,1586,829,50310,2022
Sexually Transmitted and Bloodborne Infections,Hepatitis B cases,4754,6293,6850,4067,2616,5364,9464,5123,3110,2610,8163,8433,66847,2023
Sexually Transmitted and Bloodborne Infections,Hepatitis B cases,7648,8171,5055,8148,379,1475,6442,8281,7491,3944,3524,9557,70115,2024
Sexually Transmitted and Bloodborne Infections,Hepatitis B cases,5781,797,828,4609,8108,9789,7710,4681,8793,133,1761,7060,60050,2025
Sexually Transmitted and Bloodborne Infections,Hepatitis B unclassified reports,2194,4333,5992,6606,5995,741,6563,838,9343,9204,3189,5939,60937,2021
Sexually Transmitted and Bloodborne Infections,Hepatitis B unclassified reports,9064,4728,1204,6329,8261,7378,9008,4582,1946,2108,1584,6453,62645,2022
Sexually Transmitted and Bloodborne Infections,Hepatitis B unclassified reports,6114,5555,9139,5990,2363,3261,9870,8341,6576,8193,659,742,66803,2023
Sexually Transmitted and Bloodborne Infections,Hepatitis B unclassified reports,637,2245,5456,7761,8508,7487,2440,9932,8446,2290,5373,5218,65793,2024
Sexually Transmitted and Bloodborne Infections,Hepatitis B unclassified reports,2662,6438,4902,9727,5511,8311,8351,8721,8025,9222,4911,7780,84561,2025
Sexually Transmitted and Bloodborne Infections,Hepatitis C,272,6035,5427,1795,6824,9563,5040,436,9779,7775,4350,9477,66773,2021
Sexually Transmitted and Bloodborne Infections,Hepatitis C,9463,3728,841,9560,7871,2793,8589,6229,2421,3968,517,9380,65360,2022
Sexually Transmitted and Bloodborne Infections,Hepatitis C,1800,3125,310,7225,5139,6861,2481,6765,3340,6723,8221,7726,59716,2023
Sexually Transmitted and Bloodborne Infections,Hepatitis C,1020,2262,8498,3397,9189,5325,7837,8609,6173,5140,2837,7531,67818,2024
Sexually Transmitted and Bloodborne Infections,Hepatitis C,8734,5608,8950,5804,4331,9995,7932,3150,4038,4571,9143,4890,77146,2025
Sexually Transmitted and Bloodborne Infections,Ophthalmia neonatorum,3684,4876,4735,3396,8011,5194,7861,5714,9183,4480,4715,1996,63845,2021
Sexually Transmitted and Bloodborne Infections,Ophthalmia neonatorum,9395,8899,6220,6464,5654,2399,4758,689,4712,1294,5674,7247,63405,2022
Sexually Transmitted and Bloodborne Infections,Ophthalmia neonatorum,4201,7849,3505,3310,8824,4442,9208,4450,2249,1789,9614,3920,63361,2023
Sexually Transmitted and Bloodborne Infections,Ophthalmia neonatorum,3972,831,8700,3697,3814,860,1641,6771,5411,7739,1647,2252,47335,2024
Sexually Transmitted and Bloodborne Infections,Ophthalmia neonatorum,84,9016,2587,6666,7793,7822,3267,4706,5262,4676,969,1465,54313,2025
Sexually Transmitted and Bloodborne Infections,"Syphilis, early congenital",9406,3804,8767,611,2868,6846,2880,595,6504,8116,3052,4742,58191,2021
Sexually Transmitted and Bloodborne Infections,"Syphilis, early congenital",613,151,4888,9305,9875,1758,5489,4662,7444,8901,8590,8092,69768,2022
Sexually Transmitted and Bloodborne Infections,"Syphilis, early congenital",2198,8261,7668,4470,3159,1845,5417,2662,7518,4215,3050,230,50693,2023
Sexually Transmitted and Bloodborne Infections,"Syphilis, early congenital",5523,4833,9302,3164,2875,6643,7007,8442,5372,1421,6567,1562,62711,2024
Sexually Transmitted and Bloodborne Infections,"Syphilis, early congenital",3027,2303,7822,5301,4064,111,4272,6284,3858,7319,4374,5400,54135,2025
Sexually Transmitted and Bloodborne Infections,"Syphilis, infectious",4947,9543,9386,187,4285,5890,3871,1017,1936,7625,5026,2616,56329,2021
Sexually Transmitted and Bloodborne Infections,"Syphilis, infectious",6642,8233,5095,1923,4833,6021,3618,3590,2188,7834,2509,7454,59940,2022
Sexually Transmitted and Bloodborne Infections,"Syphilis, infectious",9924,6121,6813,8998,7714,8806,3578,4054,9761,1341,8609,7319,83038,2023
Sexually Transmitted and Bloodborne Infections,"Syphilis, infectious",8653,5927,1279,9243,1838,1011,8972,8281,3312,9383,8792,2455,69146,2024
Sexually Transmitted and Bloodborne Infections,"Syphilis, infectious",2695,5375,8525,7239,1904,3365,9554,8008,1489,8361,7298,911,64724,2025
Sexually Transmitted and Bloodborne Infections,"Syphilis, late congenital",7429,2161,8409,6806,7484,9239,945,9155,7575,5049,356,6487,71095,2021
Sexually Transmitted and Bloodborne Infections,"Syphilis, late congenital",4169,49,3570,9475,1196,742,6941,5644,1044,8866,987,1130,43813,2022
Sexually Transmitted and Bloodborne Infections,"Syphilis, late congenital",7734,519,4703,6698,2948,2218,6887,6135,6266,7348,6184,6154,63794,2023
Sexually Transmitted and Bloodborne Infections,"Syphilis, late congenital",1314,8835,2178,5697,1943,2924,8802,6439,8664,2086,3648,56,52586,2024
Sexually Transmitted and Bloodborne Infections,"Syphilis, late congenital",372,4888,7585,8920,6948,8715,6214,3762,4055,7546,5671,2541,67217,2025
Sexually Transmitted and Bloodborne Infections,"Syphilis, late latent",4516,3088,1848,527,6868,256,3943,3376,1102,1653,9731,550,37458,2021
Sexually Transmitted and Bloodborne Infections,"Syphilis, late latent",7314,9794,797,4009,724,6590,7191,3839,8843,3559,924,2295,55879,2022
Sexually Transmitted and Bloodborne Infections,"Syphilis, late latent",8255,4739,3836,9438,5224,9461,9796,5253,3881,4944,2347,8540,75714,2023
Sexually Transmitted and Bloodborne Infections,"Syphilis, late latent",3621,6775,4923,4508,998,9121,9693,2869,6999,9107,8120,768,67502,2024
Sexually Transmitted and Bloodborne Infections,"Syphilis, late latent",5642,6244,8592,5222,6821,6688,2444,4913,6167,3012,8813,7758,72316,2025
Sexually Transmitted and Bloodborne Infections,"Syphilis, other",3948,3692,4927,2365,7586,944,9214,6761,6824,9130,8683,2196,66270,2021
Sexually Transmitted and Bloodborne Infections,"Syphilis, other",6363,3978,4177,3331,5411,1295,7369,6079,1514,8775,3120,844,52256,2022
Sexually Transmitted and Bloodborne Infections,"Syphilis, other",4398,6179,9911,9878,647,1192,3082,9626,9156,3555,7854,3422,68900,2023
Sexually Transmitted and Bloodborne Infections,"Syphilis, other",5455,4967,251,3470,3113,1922,7846,3974,9902,3350,6498,3921,54669,2024
Sexually Transmitted and Bloodborne Infections,"Syphilis, other",9045,5269,4637,6236,7639,8743,5886,5053,4285,5892,8401,8147,79233,2025
Sexually Transmitted and Bloodborne Infections,Syphilitic stillbirth,7635,1615,7692,5246,3328,6073,5126,6781,749,9216,3625,2390,59476,2021
Sexually Transmitted and Bloodborne Infections,Syphilitic stillbirth,265,4272,9065,9568,9488,6841,4836,2497,3214,5404,3768,6223,65441,2022
Sexually Transmitted and Bloodborne Infections,Syphilitic stillbirth,9335,4026,8180,9021,5530,4216,8005,8037,7550,2756,5770,2773,75199,2023
Sexually Transmitted and Bloodborne Infections,Syphilitic stillbirth,2293,8954,8000,3015,8882,962,8584,554,1217,794,104,6756,50115,2024
Sexually Transmitted and Bloodborne Infections,Syphilitic stillbirth,2252,3791,1113,2474,149,3583,8285,7471,6114,990,7916,7993,52131,2025
Vaccine Preventable Diseases,Acute flaccid paralysis,257,108,8719,9038,6739,194,274,8673,4501,8777,4697,280,52257,2021
Vaccine Preventable Diseases,Acute flaccid paralysis,8228,7054,2937,1753,1578,8591,2439,3948,3144,8625,4135,5807,58239,2022
Vaccine Preventable Diseases,Acute flaccid paralysis,4379,6502,1294,6112,6652,7520,9256,3984,3700,4914,1320,519,56152,2023
Vaccine Preventable Diseases,Acute flaccid paralysis,1531,6640,6213,6179,9055,7798,919,154,2807,1354,8189,7109,57948,2024
Vaccine Preventable Diseases,Acute flaccid paralysis,5427,9270,1562,8653,697,3764,3463,9286,7790,4441,762,1218,56333,2025
Vaccine Preventable Diseases,Adverse vaccine reactions,4593,8897,9232,539,2938,5152,256,3394,9617,2362,6525,1260,54765,2021
Vaccine Preventable Diseases,Adverse vaccine reactions,4903,2661,9239,3939,9284,6375,8856,5435,6288,2292,1284,8204,68760,2022
Vaccine Preventable Diseases,Adverse vaccine reactions,5666,879,1600,7161,3803,1245,5580,9915,9758,6499,5347,485,57938,2023
Vaccine Preventable Diseases,Adverse vaccine reactions,4478,7381,8038,3737,5829,9060,6150,7075,3043,9598,6227,1404,72020,2024
Vaccine Preventable Diseases,Adverse vaccine reactions,4839,4037,1204,1344,4390,2526,6225,2527,6383,5188,5909,1745,46317,2025
Vaccine Preventable Diseases,Chickenpox (Varicella),1499,85,5050,7286,5896,4419,1674,2170,1430,3070,7061,7353,46993,2021
Vaccine Preventable Diseases,Chickenpox (Varicella),9125,9088,8395,6685,1692,430,1468,5798,9080,1524,9780,9798,72863,2022
Vaccine Preventable Diseases,Chickenpox (Varicella),5315,6311,202,4781,6779,6353,1387,9167,3977,9370,8537,2778,64957,2023
Vaccine Preventable Diseases,Chickenpox (Varicella),6237,2777,2274,4405,4933,4397,8079,2390,1036,2739,7121,4521,50909,2024
Vaccine Preventable Diseases,Chickenpox (Varicella),6899,4911,7933,1260,5916,4123,4040,8123,9728,3203,7501,1752,65389,2025
Vaccine Preventable Diseases,Diphtheria,2219,4991,110,6483,5443,6224,5399,7212,5484,7055,9738,2230,62588,2021
Vaccine Preventable Diseases,Diphtheria,4922,5253,9883,3290,7848,5147,2910,6524,5228,4775,8044,9435,73259,2022
Vaccine Preventable Diseases,Diphtheria,3971,5339,6161,4592,6437,5980,1865,9238,3273,9703,8939,2947,68445,2023
Vaccine Preventable Diseases,Diphtheria,9012,440,7563,3434,7183,4773,1133,6703,8180,2280,4961,3965,59627,2024
Vaccine Preventable Diseases,Diphtheria,4139,2525,6932,6176,1211,7357,9796,7851,9539,6566,8755,8300,79147,2025
Vaccine Preventable Diseases,"Haemophilus influenzae, invasive (all types)",6853,8907,602,5890,8796,9729,1392,1791,4067,5816,2725,725,57293,2021
Vaccine Preventable Diseases,"Haemophilus influenzae, invasive (all types)",9227,6547,5432,7052,1735,172,1615,4239,3637,8366,8499,9142,65663,2022
Vaccine Preventable Diseases,"Haemophilus influenzae, invasive (all types)",9511,9424,3621,7303,6129,6408,7586,9643,8199,2469,5651,402,76346,2023
Vaccine Preventable Diseases,"Haemophilus influenzae, invasive (all types)",7909,1712,4840,6815,1406,1901,2321,5707,5110,5620,7460,3389,54190,2024
Vaccine Preventable Diseases,"Haemophilus influenzae, invasive (all types)",8537,7912,5706,7801,1599,7178,7412,5225,1100,4919,732,1885,60006,2025
Vaccine Preventable Diseases,Influenza,370,5620,1791,2692,3996,8454,2858,9042,2623,5422,9172,6985,59025,2021
Vaccine Preventable Diseases,Influenza,7570,3798,6636,3022,3053,7080,6481,478,3232,7365,9702,7037,65454,2022
Vaccine Preventable Diseases,Influenza,6370,72,3519,3371,4560,1025,9459,1667,8796,3063,5993,5340,53235,2023
Vaccine Preventable Diseases,Influenza,3228,7496,1867,4298,8019,8646,5134,9780,6367,6431,9617,1871,72754,2024
Vaccine Preventable Diseases,Influenza,5700,5766,7501,2826,4873,9669,1388,2194,5131,1931,3908,5003,55890,2025
Vaccine Preventable Diseases,Measles,1916,2999,6116,2316,8369,6364,6852,9771,2258,9417,6286,6931,69595,2021
Vaccine Preventable Diseases,Measles,3043,7973,8804,2838,9091,2733,8022,4732,2298,3065,5154,7389,65142,2022
Vaccine Preventable Diseases,Measles,878,5882,157,7939,2236,3196,6290,9200,8281,8109,6703,8056,66927,2023
Vaccine Preventable Diseases,Measles,6809,7272,8006,2740,1354,9263,505,3613,4785,535,4503,3683,53068,2024
Vaccine Preventable Diseases,Measles,8808,4729,2755,7492,9267,8115,9006,8369,1854,9383,1871,4389,76038,2025
Vaccine Preventable Diseases,"Meningococcal disease, invasive (IMD)",8898,6010,8880,681,7231,8951,3580,6965,1677,4055,4877,528,62333,2021
Vaccine Preventable Diseases,"Meningococcal disease, invasive (IMD)",7368,4305,5711,1425,7193,1923,3882,3438,9632,5744,9998,7015,67634,2022
Vaccine Preventable Diseases,"Meningococcal disease, invasive (IMD)",2719,2281,3385,3390,972,9340,5747,8720,4605,9778,8827,2758,62522,2023
Vaccine Preventable Diseases,"Meningococcal disease, invasive (IMD)",5302,4794,4740,9383,4380,8428,1560,2221,6743,971,4543,2078,55143,2024
Vaccine Preventable Diseases,"Meningococcal disease, invasive (IMD)",2174,4090,2396,5277,4055,6434,8019,2329,9460,4402,6786,6146,61568,2025
Vaccine Preventable Diseases,Mumps,7405,1237,1525,6600,8447,4558,6046,7449,7996,5362,9534,40,66199,2021
Vaccine Preventable Diseases,Mumps,1526,7511,5869,1037,8756,6516,3568,7039,3470,8105,4399,5289,63085,2022
Vaccine Preventable Diseases,Mumps,4646,5533,8967,9468,2139,9275,7951,5631,793,752,1631,7529,64315,2023
Vaccine Preventable Diseases,Mumps,266,2035,2588,7230,7479,11,7009,3314,2161,4945,2604,4489,44131,2024
Vaccine Preventable Diseases,Mumps,1529,5905,4102,1350,6092,2711,848,6493,5005,3836,7032,1494,46397,2025
Vaccine Preventable Diseases,Pertussis (Whooping Cough),1559,17,3496,7812,1276,2174,9726,3705,8510,7291,152,132,45850,2021
Vaccine Preventable Diseases,Pertussis (Whooping Cough),5629,1975,6919,2165,7826,1160,3751,6276,1463,1678,1690,5133,45665,2022
Vaccine Preventable Diseases,Pertussis (Whooping Cough),6022,4902,2246,6270,2181,2340,1120,8691,9228,138,9999,2688,55825,2023
Vaccine Preventable Diseases,Pertussis (Whooping Cough),7210,5753,3490,2480,6745,7248,3559,1420,1646,2293,2017,9659,53520,2024
Vaccine Preventable Diseases,Pertussis (Whooping Cough),6291,5759,7035,5152,2290,4059,4537,1380,4065,9066,9846,9830,69310,2025
Vaccine Preventable Diseases,"Pneumococcal disease, invasive (IPD)",9954,4668,439,4942,3366,8482,9943,8348,3090,6418,4842,894,65386,2021
Vaccine Preventable Diseases,"Pneumococcal disease, invasive (IPD)",3921,8108,6322,1847,3949,8185,9730,1163,8655,197,5916,5185,63178,2022
Vaccine Preventable Diseases,"Pneumococcal disease, invasive (IPD)",2162,6337,9312,6895,5986,8951,2830,7717,1195,273,9623,1106,62387,2023
Vaccine Preventable Diseases,"Pneumococcal disease, invasive (IPD)",225,4295,3534,652,990,6520,8300,4693,8209,6806,6939,6590,57753,2024
Vaccine Preventable Diseases,"Pneumococcal disease, invasive (IPD)",1350,8791,8808,2501,4546,1369,5077,1294,8377,3329,2545,8788,56775,2025
Vaccine Preventable Diseases,Poliomyelitis,5353,6401,9608,1083,5081,7167,3909,948,4005,1412,7118,1900,53985,2021
Vaccine Preventable Diseases,Poliomyelitis,7428,9975,901,5067,2877,1956,207,2248,185,2684,8133,5680,47341,2022
Vaccine Preventable Diseases,Poliomyelitis,8568,8474,4247,2735,6092,2079,4403,1934,480,5488,7034,4456,55990,2023
Vaccine Preventable Diseases,Poliomyelitis,8582,1046,4308,9447,1262,8128,7457,8368,5900,908,8185,9287,72878,2024
Vaccine Preventable Diseases,Poliomyelitis,2734,6024,2577,4179,1685,9402,1889,3742,8336,42,721,201,41532,2025
Vaccine Preventable Diseases,Rubella,4006,753,7729,5963,6274,2458,2932,579,9058,6870,3678,5272,55572,2021
Vaccine Preventable Diseases,Rubella,4067,6819,5241,4444,1276,9364,6108,1956,8225,862,2938,3656,54956,2022
Vaccine Preventable Diseases,Rubella,8450,752,6568,1129,7620,4625,5090,5362,1415,9061,7483,130,57685,2023
Vaccine Preventable Diseases,Rubella,6044,3287,4777,9237,4979,3974,7600,6033,9694,8083,3201,8954,75863,2024
Vaccine Preventable Diseases,Rubella,4016,2466,104,6718,391,3817,8872,5675,157,5488,23,6164,43891,2025
Vaccine Preventable Diseases,"Rubella, congenital syndrome (CRS)",5038,1703,3361,8680,3902,6878,8061,981,2332,4584,1524,719,47763,2021
Vaccine Preventable Diseases,"Rubella, congenital syndrome (CRS)",3792,8515,6767,6102,7511,1391,9515,1565,8280,2187,6461,1226,63312,2022
Vaccine Preventable Diseases,"Rubella, congenital syndrome (CRS)",9697,9303,1020,7126,2141,3879,4778,4276,5161,6438,5345,5211,64375,2023
Vaccine Preventable Diseases,"Rubella, congenital syndrome (CRS)",7417,4455,3827,1223,3321,2230,9579,1785,2546,1731,2693,7365,48172,2024
Vaccine Preventable Diseases,"Rubella, congenital syndrome (CRS)",7635,5145,6660,1978,8780,5870,3401,7404,5051,7591,4341,1964,65820,2025
Vaccine Preventable Diseases,Smallpox,1481,2582,4984,9884,660,3522,5370,2430,1494,4066,5828,6492,48793,2021
Vaccine Preventable Diseases,Smallpox,8412,802,4896,4262,2848,509,6625,7408,9108,9013,4093,1551,59527,2022
Vaccine Preventable Diseases,Smallpox,7570,1669,2290,1989,195,1010,3641,2141,3246,6563,6098,1376,37788,2023
Vaccine Preventable Diseases,Smallpox,9540,9602,4240,1228,357,1056,3239,7265,2110,1506,5432,2007,47582,2024
Vaccine Preventable Diseases,Smallpox,699,7552,829,2752,9402,7096,6471,8128,483,6270,6990,2831,59503,2025
Vaccine Preventable Diseases,Tetanus,5799,3517,3066,4505,4585,7307,2435,567,4026,4835,8173,6750,55565,2021
Vaccine Preventable Diseases,Tetanus,9022,7848,999,1437,4583,6275,2248,6868,3267,8614,4082,8907,64150,2022
Vaccine Preventable Diseases,Tetanus,319,6266,5883,7859,8921,7940,5636,9267,8231,5269,6363,4430,76384,2023
Vaccine Preventable Diseases,Tetanus,2946,427,5224,9783,3588,480,4602,959,7728,8674,5856,9568,59835,2024
Vaccine Preventable Diseases,Tetanus,3813,2615,1640,4060,3951,4366,8743,916,3594,9432,6363,5813,55306,2025
Vectorborne and Zoonotic Diseases,Anaplasmosis,2846,2885,3875,9707,5210,5878,9692,462,5761,9300,9234,2328,67178,2021
Vectorborne and Zoonotic Diseases,Anaplasmosis,9225,3084,8064,8882,5063,2876,8035,621,1478,920,3811,9857,61916,2022
Vectorborne and Zoonotic Diseases,Anaplasmosis,3584,326,8625,7831,11,5435,3300,2137,5582,2907,5301,975,46014,2023
Vectorborne and Zoonotic Diseases,Anaplasmosis,359,2420,9611,2320,1817,8622,5978,1188,6120,6481,9601,1655,56172,2024
Vectorborne and Zoonotic Diseases,Anaplasmosis,5514,4944,5285,2235,2580,7157,7982,5198,2854,9207,5846,3657,62459,2025
Vectorborne and Zoonotic Diseases,Anthrax,9649,2872,6199,5026,4825,2086,2911,29,9385,6415,9297,530,59224,2021
Vectorborne and Zoonotic Diseases,Anthrax,2983,9869,5213,3619,9265,1705,8129,2304,5425,1274,3899,5682,59367,2022
Vectorborne and Zoonotic Diseases,Anthrax,5234,2750,1453,5500,7317,186,4345,3435,4088,1110,5742,4205,45365,2023
Vectorborne and Zoonotic Diseases,Anthrax,1770,20,788,6323,7179,6875,2725,6783,8078,6204,5754,8946,61445,2024
Vectorborne and Zoonotic Diseases,Anthrax,6149,1661,7855,9470,3695,2664,7393,1207,547,4831,328,5221,51021,2025
Vectorborne and Zoonotic Diseases,Babesiosis,4278,1715,1215,5600,2787,6151,2636,1228,8962,1525,5536,9732,51365,2021
Vectorborne and Zoonotic Diseases,Babesiosis,7909,507,7066,2703,9950,7113,2573,877,1659,5424,3367,3112,52260,2022
Vectorborne and Zoonotic Diseases,Babesiosis,6705,9078,8849,4346,4612,4872,3891,1571,813,6437,9367,9005,69546,2023
Vectorborne and Zoonotic Diseases,Babesiosis,8043,2516,893,5911,62,7005,1435,4825,9833,7869,3271,1589,53252,2024
Vectorborne and Zoonotic Diseases,Babesiosis,421,3390,2798,4781,1342,7758,1892,5052,6512,7715,8013,4341,54015,2025
Vectorborne and Zoonotic Diseases,Brucellosis,1493,8914,6349,3029,6078,6249,6052,3056,7303,731,4313,7204,60771,2021
Vectorborne and Zoonotic Diseases,Brucellosis,7619,4315,3706,4400,9244,1009,2476,1584,1404,5632,8871,6782,57042,2022
Vectorborne and Zoonotic Diseases,Brucellosis,9662,3727,9070,999,6342,8561,6858,8773,7779,9383,3860,7803,82817,2023
Vectorborne and Zoonotic Diseases,Brucellosis,4896,1293,6468,568,8226,9358,8467,9363,2415,1970,7357,2832,63213,2024
Vectorborne and Zoonotic Diseases,Brucellosis,2738,3471,3157,2067,699,6936,1283,7133,3308,2422,9749,4225,47188,2025
Vectorborne and Zoonotic Diseases,Echinococcus multilocularis infection,5238,1097,1425,6358,9115,6510,9044,5343,4525,8514,7506,202,64877,2021
Vectorborne and Zoonotic Diseases,Echinococcus multilocularis infection,9626,8561,6874,1843,6790,2451,2428,9283,9632,9546,1641,1730,70405,2022
Vectorborne and Zoonotic Diseases,Echinococcus multilocularis infection,9219,1654,4687,8775,5633,6732,4327,6275,7955,9372,9977,7750,82356,2023
Vectorborne and Zoonotic Diseases,Echinococcus multilocularis infection,613,2821,4512,6602,2356,9972,6581,635,6484,5431,3892,807,50706,2024
Vectorborne and Zoonotic Diseases,Echinococcus multilocularis infection,7785,4400,6102,331,5535,4965,5094,4593,8054,1609,3734,2201,54403,2025
Vectorborne and Zoonotic Diseases,Hantavirus,4923,7259,5257,4414,6828,9911,1462,3079,7237,3463,6671,7937,68441,2021
Vectorborne and Zoonotic Diseases,Hantavirus,8462,6126,920,8442,2604,1075,5097,8303,6609,2222,8589,9317,67766,2022
Vectorborne and Zoonotic Diseases,Hantavirus,474,2846,3158,3288,944,4087,541,7478,828,5904,3262,4488,37298,2023
Vectorborne and Zoonotic Diseases,Hantavirus,6035,7605,8275,6503,2029,500,3963,6102,8008,9732,7308,2909,68969,2024
Vectorborne and Zoonotic Diseases,Hantavirus,7775,9615,9033,5730,5640,2679,4237,1480,4670,449,6333,813,58454,2025
Vectorborne and Zoonotic Diseases,Hemorrhagic fevers,2669,9375,3511,3626,3688,3387,4408,6709,8409,328,145,7767,54022,2021
Vectorborne and Zoonotic Diseases,Hemorrhagic fevers,2167,2837,9849,138,3666,4135,9967,5004,4511,6943,6168,5713,61098,2022
Vectorborne and Zoonotic Diseases,Hemorrhagic fevers,7520,4128,3575,7646,4950,8530,6506,9576,1676,120,8380,6131,68738,2023
Vectorborne and Zoonotic Diseases,Hemorrhagic fevers,9198,9728,9978,4631,4890,1771,7892,1045,5509,4529,5327,4536,69034,2024
Vectorborne and Zoonotic Diseases,Hemorrhagic fevers,4278,4895,3086,2456,8475,3937,930,9830,6620,5236,2292,417,52452,2025
Vectorborne and Zoonotic Diseases,Lassa fever,8148,4843,4250,6857,6628,6361,578,9552,9372,3111,5622,3643,68965,2021
Vectorborne and Zoonotic Diseases,Lassa fever,8759,7794,5873,8311,4918,2785,9146,2967,4813,1599,7713,2096,66774,2022
Vectorborne and Zoonotic Diseases,Lassa fever,4237,9159,2999,5499,1463,3641,5820,3659,5031,6889,5428,6089,59914,2023
Vectorborne and Zoonotic Diseases,Lassa fever,4269,9593,4817,7598,1929,7709,879,9561,9507,1166,7736,3187,67951,2024
Vectorborne and Zoonotic Diseases,Lassa fever,8199,1963,6253,8680,4888,6768,885,2470,2250,3281,5614,6704,57955,2025
Vectorborne and Zoonotic Diseases,Lyme disease,9329,7496,2346,5183,2954,1324,7988,5449,2897,5134,950,77,51127,2021
Vectorborne and Zoonotic Diseases,Lyme disease,7406,4481,3430,2762,9441,2595,8021,1442,2120,7105,7035,6609,62447,2022
Vectorborne and Zoonotic Diseases,Lyme disease,7029,7821,6280,76,618,8745,3267,6112,230,5279,8700,3122,57279,2023
Vectorborne and Zoonotic Diseases,Lyme disease,293,67,4076,3707,5641,5113,2112,1682,6284,8246,9644,5015,51880,2024
Vectorborne and Zoonotic Diseases,Lyme disease,2736,1069,749,4885,4764,7469,8524,9770,8587,5535,7105,2192,63385,2025
Vectorborne and Zoonotic Diseases,Plague,5615,8031,5885,3087,2701,6609,313,3742,3675,2149,3460,359,45626,2021
Vectorborne and Zoonotic Diseases,Plague,9661,8267,2768,2017,6006,612,6147,4190,8761,796,9730,785,59740,2022
Vectorborne and Zoonotic Diseases,Plague,1771,323,790,1897,6828,7279,6230,2024,8966,4140,7772,2508,50528,2023
Vectorborne and Zoonotic Diseases,Plague,3366,152,4933,6895,1654,8524,4423,9922,2247,6862,1718,8381,59077,2024
Vectorborne and Zoonotic Diseases,Plague,1928,4631,1867,1741,8154,3254,9977,3272,4308,8571,3304,5864,56871,2025
Vectorborne and Zoonotic Diseases,Powassan virus,6713,4839,2627,645,8980,8132,3402,7875,5416,3842,44,208,52723,2021
Vectorborne and Zoonotic Diseases,Powassan virus,1458,1809,9406,8095,2443,1475,8383,1229,1659,4192,3787,7483,51419,2022
Vectorborne and Zoonotic Diseases,Powassan virus,4850,4327,7606,820,1635,2862,646,4760,5901,5123,6979,1898,47407,2023
Vectorborne and Zoonotic Diseases,Powassan virus,1556,751,158,2267,2793,5384,5857,7171,4395,1522,6105,5615,43574,2024
Vectorborne and Zoonotic Diseases,Powassan virus,2996,1865,6566,6557,7479,4453,6319,7835,6909,2732,1852,2171,57734,2025
Vectorborne and Zoonotic Diseases,Psittacosis/Ornithosis,960,2611,1699,6816,9678,7908,9321,7178,2969,6221,5875,472,61708,2021
Vectorborne and Zoonotic Diseases,Psittacosis/Ornithosis,2140,7914,7997,1850,6738,7220,753,1037,4286,5148,202,8598,53883,2022
Vectorborne and Zoonotic Diseases,Psittacosis/Ornithosis,9447,9257,3669,5542,8504,8570,1560,7091,4072,7895,5664,6305,77576,2023
Vectorborne and Zoonotic Diseases,Psittacosis/Ornithosis,2435,9147,894,190,2571,8283,7688,8123,2709,1226,8055,5253,56574,2024
Vectorborne and Zoonotic Diseases,Psittacosis/Ornithosis,3946,5421,4557,824,8305,3648,9019,6203,6607,3850,1291,7521,61192,2025
Vectorborne and Zoonotic Diseases,Q fever,7277,9388,7341,1442,8166,7324,5178,1944,8148,291,1681,6609,64789,2021
Vectorborne and Zoonotic Diseases,Q fever,6755,587,9128,8996,2,1489,9899,4990,8328,9213,3389,7474,70250,2022
Vectorborne and Zoonotic Diseases,Q fever,5584,5953,889,3652,7445,5439,9177,9829,7751,5952,7414,1868,70953,2023
Vectorborne and Zoonotic Diseases,Q fever,1596,3633,35,5592,5818,4783,8973,8552,6125,1741,750,2689,50287,2024
Vectorborne and Zoonotic Diseases,Q fever,8067,2301,6704,1752,4166,3209,3072,1978,6437,3532,7488,3122,51828,2025
Vectorborne and Zoonotic Diseases,Rabies,5536,1765,6790,761,9647,2018,7381,7493,9655,8260,2205,8172,69683,2021
Vectorborne and Zoonotic Diseases,Rabies,71,8689,795,9064,7091,9586,7912,8328,2903,9479,2845,2103,68866,2022
Vectorborne and Zoonotic Diseases,Rabies,1696,6347,9839,9931,5273,8259,6302,6859,9977,4067,4482,6518,79550,2023
Vectorborne and Zoonotic Diseases,Rabies,5617,4819,7419,2185,2263,6762,9871,8393,4897,8975,5143,9069,75413,2024
Vectorborne and Zoonotic Diseases,Rabies,3560,3291,3435,4760,5657,2173,2913,8255,8888,5281,1890,5771,55874,2025
Vectorborne and Zoonotic Diseases,Tularemia,9212,7870,9548,9349,6839,8747,4684,6920,209,8564,1744,414,74100,2021
Vectorborne and Zoonotic Diseases,Tularemia,6240,2381,869,927,3275,4374,2636,4695,4105,2399,1016,4835,37752,2022
Vectorborne and Zoonotic Diseases,Tularemia,3342,8866,529,5876,7415,1679,9205,3675,9195,6371,3892,8370,68415,2023
Vectorborne and Zoonotic Diseases,Tularemia,4712,769,6251,6349,6825,5122,9046,881,212,4117,3327,7259,54870,2024
Vectorborne and Zoonotic Diseases,Tularemia,3695,6025,9640,8955,9885,3218,3170,4819,7353,2906,1220,3063,63949,2025
Vectorborne and Zoonotic Diseases,West Nile Virus (WNV),2847,8418,1955,6180,665,7020,4572,9119,4329,2131,2636,9568,59440,2021
Vectorborne and Zoonotic Diseases,West Nile Virus (WNV),4178,92,5415,7640,2536,654,2518,5285,9779,833,4934,8037,51901,2022
Vectorborne and Zoonotic Diseases,West Nile Virus (WNV),9382,9013,5866,1194,5207,8608,3603,3012,8529,1117,8276,2611,66418,2023
Vectorborne and Zoonotic Diseases,West Nile Virus (WNV),6814,8897,8798,6609,1506,5724,3624,3495,5437,5424,5911,4809,67048,2024
Vectorborne and Zoonotic Diseases,West Nile Virus (WNV),3579,8691,7780,9196,144,1879,5668,7301,3937,3994,653,5258,58080,2025
Other Diseases,Blastomycosis,6248,1857,6322,4203,8851,4633,404,8468,6143,8426,8335,7300,71190,2021
Other Diseases,Blastomycosis,7975,718,4856,3154,5248,8419,1349,1572,2742,8814,8736,120,53703,2022
Other Diseases,Blastomycosis,1072,3453,3492,6950,1702,3368,8810,7130,1181,2519,389,7523,47589,2023
Other Diseases,Blastomycosis,5434,620,1433,1200,889,2916,4127,9143,1154,9420,3729,4237,44302,2024
Other Diseases,Blastomycosis,6678,6357,7391,6626,7094,5183,276,6381,1938,8762,96,1036,57818,2025
Other Diseases,Candida auris,9594,745,1189,5860,8238,1738,4748,4937,9937,1417,4612,7170,60185,2021
Other Diseases,Candida auris,6249,6473,504,7765,2561,8740,3602,2234,6406,8941,4832,2360,60667,2022
Other Diseases,Candida auris,4883,6113,182,9068,9094,2316,2019,684,82,9383,9775,6456,60055,2023
Other Diseases,Candida auris,8800,8970,1394,4992,3441,5633,3469,6760,8397,2333,2637,3014,59840,2024
Other Diseases,Candida auris,3617,4140,3183,1877,2971,9294,891,8992,7557,9005,1198,4762,57487,2025
Other Diseases,Carbapenemase-producing Enterobacteriaceae (CPE),1103,4107,1608,3234,9512,7982,5420,5851,2100,3842,1639,4671,51069,2021
Other Diseases,Carbapenemase-producing Enterobacteriaceae (CPE),1143,3170,5206,7960,7383,5379,5008,9571,2496,9266,9287,5971,71840,2022
Other Diseases,Carbapenemase-producing Enterobacteriaceae (CPE),5182,7017,2762,79,5131,4033,3629,7145,4533,5889,2200,5432,53032,2023
Other Diseases,Carbapenemase-producing Enterobacteriaceae (CPE),7863,7583,7296,5877,5004,7978,9038,1783,2879,9938,1343,4597,71179,2024
Other Diseases,Carbapenemase-producing Enterobacteriaceae (CPE),2293,8824,3218,4312,1252,1235,305,8309,511,9533,9484,6637,55913,2025
Other Diseases,Creutzfeldt-Jakob disease (CJD),9667,3485,600,9037,4269,8904,8842,7734,2435,5993,6430,3658,71054,2021
Other Diseases,Creutzfeldt-Jakob disease (CJD),9660,4767,2193,7613,8210,8362,1483,6500,5961,8227,173,3913,67062,2022
Other Diseases,Creutzfeldt-Jakob disease (CJD),2717,8423,2299,7310,2608,2935,9279,9270,2395,7921,5878,662,61697,2023
Other Diseases,Creutzfeldt-Jakob disease (CJD),3585,7989,3796,1029,4331,6052,3834,701,3387,8485,5918,6358,55465,2024
Other Diseases,Creutzfeldt-Jakob disease (CJD),7695,7448,760,653,5309,1691,8542,4480,4314,9480,8918,9341,68631,2025
